,closes,actual,predicted
0,2809.5,0,0
1,2807.51,1,1
2,2809.29,0,0
3,2807.04,0,0
4,2806.59,0,1
5,2804.0,0,1
6,2798.56,0,1
7,2796.11,0,1
8,2792.84,0,1
9,2792.03,0,1
10,2784.54,1,1
11,2787.73,0,1
12,2785.99,0,1
13,2785.4,0,1
14,2784.05,1,1
15,2788.78,0,1
16,2785.21,0,1
17,2781.82,0,1
18,2777.88,1,1
19,2786.24,1,1
20,2792.52,0,1
21,2787.91,1,1
22,2789.65,0,1
23,2788.26,0,1
24,2783.31,1,1
25,2784.61,0,1
26,2781.63,1,1
27,2782.62,0,1
28,2781.55,0,1
29,2779.75,0,1
30,2777.0,0,1
31,2776.44,1,1
32,2777.57,1,1
33,2778.72,1,1
34,2781.53,1,1
35,2783.26,1,1
36,2785.44,1,0
37,2785.45,1,0
38,2786.11,0,0
39,2785.97,0,0
40,2785.3,1,0
41,2785.63,0,0
42,2781.6,1,0
43,2783.09,1,0
44,2784.73,0,0
45,2783.78,1,0
46,2784.18,0,0
47,2782.65,1,0
48,2787.25,1,0
49,2787.32,1,0
50,2788.28,1,0
51,2788.45,1,0
52,2788.99,1,0
53,2789.85,0,0
54,2789.07,0,0
55,2788.63,1,0
56,2789.34,0,0
57,2789.33,0,0
58,2789.32,0,0
59,2788.05,1,0
60,2788.33,0,0
61,2783.44,1,0
62,2784.46,1,0
63,2787.32,1,0
64,2788.05,0,0
65,2787.65,0,0
66,2785.56,1,0
67,2786.0,0,0
68,2784.32,0,0
69,2783.52,0,0
70,2781.06,1,1
71,2782.29,1,1
72,2784.98,0,0
73,2784.02,1,0
74,2785.58,1,0
75,2786.29,0,0
76,2782.65,1,0
77,2783.36,1,0
78,2784.99,0,0
79,2783.63,1,0
80,2785.78,0,0
81,2785.7,1,0
82,2786.07,1,0
83,2787.45,1,0
84,2788.19,0,0
85,2788.0,0,0
86,2787.32,0,0
87,2786.53,0,0
88,2786.01,1,0
89,2787.34,0,0
90,2786.83,0,0
91,2785.04,0,0
92,2784.69,0,0
93,2782.59,0,1
94,2781.74,0,1
95,2779.34,1,1
96,2781.17,0,1
97,2780.21,0,1
98,2779.48,0,1
99,2775.24,0,1
100,2772.03,1,1
101,2772.43,0,1
102,2771.27,1,1
103,2773.74,0,1
104,2771.99,0,1
105,2770.01,0,1
106,2765.03,1,1
107,2768.07,0,1
108,2762.81,1,1
109,2765.57,1,1
110,2767.71,1,1
111,2773.08,1,1
112,2773.26,0,1
113,2770.93,1,1
114,2771.53,1,1
115,2771.91,0,0
116,2771.01,1,0
117,2771.23,1,0
118,2773.32,0,0
119,2773.3,0,0
120,2771.23,1,0
121,2771.85,0,0
122,2769.26,1,0
123,2769.7,1,0
124,2772.43,1,0
125,2775.2,0,0
126,2773.94,1,0
127,2774.75,0,0
128,2774.05,0,0
129,2771.9,1,0
130,2774.31,1,0
131,2775.19,0,0
132,2772.71,1,0
133,2777.34,0,0
134,2775.26,1,0
135,2777.88,0,0
136,2777.8,1,0
137,2778.81,1,0
138,2780.85,1,0
139,2783.14,0,0
140,2781.42,0,0
141,2773.79,1,0
142,2776.95,1,0
143,2778.28,0,0
144,2776.87,0,0
145,2773.92,0,0
146,2773.86,0,0
147,2772.82,1,0
148,2773.58,1,0
149,2773.64,0,0
150,2771.38,1,0
151,2771.98,1,0
152,2772.08,1,0
153,2773.23,1,0
154,2773.37,0,0
155,2773.15,0,0
156,2771.61,0,0
157,2771.09,0,0
158,2770.95,0,1
159,2770.26,0,1
160,2769.26,0,1
161,2767.43,1,1
162,2769.73,0,1
163,2766.77,0,1
164,2763.96,0,1
165,2759.84,1,1
166,2762.56,0,1
167,2762.31,0,1
168,2761.54,0,1
169,2759.47,0,1
170,2735.23,0,1
171,2734.44,0,1
172,2727.48,1,1
173,2727.81,0,1
174,2725.17,0,1
175,2719.41,1,1
176,2725.48,0,1
177,2723.42,0,1
178,2720.01,0,1
179,2715.58,1,1
180,2716.22,0,1
181,2716.09,1,1
182,2718.3,0,1
183,2716.75,1,1
184,2717.66,1,1
185,2721.62,0,1
186,2719.99,0,1
187,2717.33,1,1
188,2720.55,0,1
189,2719.15,1,1
190,2719.19,1,1
191,2722.26,1,1
192,2723.2,0,1
193,2722.13,0,1
194,2719.22,1,1
195,2723.27,0,1
196,2721.48,1,1
197,2722.69,0,1
198,2721.83,0,1
199,2719.58,1,1
200,2719.96,0,1
201,2716.72,0,1
202,2715.33,0,1
203,2711.69,0,1
204,2711.6,0,1
205,2702.79,1,1
206,2708.94,1,1
207,2720.15,1,1
208,2722.92,1,0
209,2730.78,0,0
210,2728.14,1,0
211,2729.58,0,0
212,2728.96,0,0
213,2726.9,1,0
214,2730.41,1,0
215,2731.89,0,0
216,2727.29,1,0
217,2729.03,1,0
218,2729.29,0,0
219,2728.6,0,0
220,2725.57,0,0
221,2724.64,0,0
222,2720.46,1,1
223,2722.06,0,0
224,2719.9,0,1
225,2718.75,0,1
226,2716.52,0,1
227,2716.21,1,1
228,2717.07,0,1
229,2715.74,1,1
230,2719.88,0,1
231,2719.5,0,0
232,2715.39,1,1
233,2717.5,0,1
234,2713.36,0,1
235,2712.79,0,1
236,2710.23,1,1
237,2712.0,1,1
238,2713.89,0,1
239,2713.46,1,1
240,2715.18,1,1
241,2716.01,0,0
242,2715.99,0,0
243,2712.63,1,1
244,2713.66,1,0
245,2719.08,0,0
246,2716.9,1,0
247,2724.62,0,0
248,2721.12,1,0
249,2722.32,1,0
250,2723.54,0,0
251,2721.83,0,0
252,2717.51,0,0
253,2717.37,0,0
254,2715.28,0,0
255,2708.71,1,1
256,2709.86,1,1
257,2712.03,0,1
258,2709.37,0,1
259,2706.75,1,1
260,2708.6,0,1
261,2703.19,1,1
262,2706.42,0,1
263,2701.2,1,1
264,2707.58,0,1
265,2704.85,0,1
266,2704.0,1,1
267,2707.59,1,1
268,2709.79,1,1
269,2714.39,1,0
270,2722.67,0,0
271,2721.24,1,0
272,2726.48,1,0
273,2726.81,1,0
274,2727.9,1,0
275,2733.03,0,0
276,2730.24,0,0
277,2723.92,0,0
278,2723.49,1,0
279,2727.5,0,0
280,2726.74,0,0
281,2717.06,1,1
282,2717.49,1,1
283,2719.25,1,0
284,2720.44,1,0
285,2722.75,1,0
286,2723.91,0,0
287,2723.27,1,0
288,2724.0,0,0
289,2722.44,1,0
290,2724.9,1,0
291,2728.83,1,0
292,2732.06,1,0
293,2733.58,0,0
294,2733.31,0,0
295,2732.38,1,0
296,2734.06,0,0
297,2733.23,1,0
298,2733.73,0,0
299,2733.01,0,0
300,2730.64,1,0
301,2732.01,1,0
302,2734.73,1,0
303,2738.6,0,0
304,2737.7,1,0
305,2742.59,0,0
306,2738.66,1,0
307,2739.74,1,0
308,2741.0,1,0
309,2744.31,1,0
310,2744.84,0,0
311,2744.08,0,0
312,2744.0,1,0
313,2745.64,0,0
314,2744.33,1,0
315,2745.45,1,0
316,2745.77,0,0
317,2742.82,0,0
318,2742.18,1,0
319,2744.47,0,0
320,2743.72,0,0
321,2742.23,0,0
322,2740.67,0,0
323,2738.63,0,0
324,2737.31,1,0
325,2737.8,1,0
326,2738.25,0,0
327,2735.21,0,1
328,2732.67,1,1
329,2736.32,0,1
330,2734.34,0,1
331,2733.32,1,1
332,2735.09,1,1
333,2735.12,0,0
334,2734.57,0,1
335,2729.73,1,1
336,2731.98,0,1
337,2731.6,1,1
338,2733.04,0,1
339,2730.54,0,1
340,2729.43,1,1
341,2729.61,1,1
342,2730.86,1,1
343,2733.62,0,0
344,2731.59,1,0
345,2731.66,0,0
346,2730.17,1,1
347,2730.55,0,0
348,2730.55,0,0
349,2727.53,0,1
350,2726.51,0,1
351,2724.35,0,1
352,2723.93,0,1
353,2722.59,1,1
354,2726.57,0,1
355,2726.42,1,1
356,2726.56,0,1
357,2726.44,0,1
358,2726.26,1,1
359,2727.68,1,0
360,2728.93,1,0
361,2730.64,1,0
362,2733.08,1,0
363,2736.53,0,0
364,2735.83,1,0
365,2736.2,0,0
366,2733.43,1,0
367,2736.63,0,0
368,2731.0,1,0
369,2733.0,1,0
370,2733.48,1,0
371,2735.51,0,0
372,2734.94,1,0
373,2735.98,0,0
374,2735.93,0,0
375,2735.8,0,0
376,2731.85,0,0
377,2728.48,1,0
378,2730.52,0,0
379,2726.57,0,1
380,2725.8,0,1
381,2723.27,1,1
382,2724.87,0,1
383,2723.17,0,1
384,2722.03,1,1
385,2723.05,1,1
386,2726.53,1,1
387,2726.59,1,1
388,2727.29,1,0
389,2729.64,0,0
390,2728.89,1,0
391,2729.21,1,0
392,2729.71,1,0
393,2730.53,1,0
394,2735.16,1,0
395,2739.71,0,0
396,2739.48,0,0
397,2739.02,1,0
398,2739.03,1,0
399,2741.13,1,0
400,2741.31,0,0
401,2741.01,1,0
402,2742.17,0,0
403,2741.01,1,0
404,2742.69,0,0
405,2741.55,1,0
406,2742.35,1,0
407,2742.82,0,0
408,2739.3,1,0
409,2743.46,1,0
410,2745.78,0,0
411,2743.04,0,0
412,2742.01,1,0
413,2742.29,1,0
414,2742.39,1,0
415,2744.06,0,0
416,2741.12,1,0
417,2742.96,1,0
418,2745.55,0,0
419,2744.07,0,0
420,2743.31,1,0
421,2747.14,0,0
422,2746.42,0,0
423,2743.69,1,0
424,2747.48,1,0
425,2749.99,0,0
426,2748.52,1,0
427,2748.85,0,0
428,2745.48,1,0
429,2747.24,1,0
430,2749.32,0,0
431,2747.69,1,0
432,2747.91,0,0
433,2747.82,1,0
434,2747.83,1,0
435,2748.3,1,0
436,2748.34,0,0
437,2746.06,1,0
438,2751.06,0,0
439,2745.58,0,0
440,2745.52,0,0
441,2743.02,1,0
442,2747.34,1,0
443,2755.68,1,0
444,2757.82,0,0
445,2755.89,1,0
446,2760.22,1,0
447,2764.3,1,0
448,2764.81,1,0
449,2768.49,0,0
450,2768.16,1,0
451,2771.55,1,0
452,2775.65,1,0
453,2782.74,1,1
454,2790.55,1,1
455,2791.47,1,1
456,2791.76,0,1
457,2787.01,1,1
458,2791.69,0,1
459,2790.01,1,1
460,2793.26,0,1
461,2792.37,0,1
462,2790.67,1,1
463,2790.88,0,1
464,2790.02,0,1
465,2784.29,1,1
466,2785.98,0,1
467,2783.07,1,1
468,2784.06,0,1
469,2782.89,0,1
470,2779.78,1,1
471,2781.6,0,1
472,2780.18,0,1
473,2780.02,0,1
474,2778.96,0,1
475,2776.65,0,1
476,2776.01,1,1
477,2777.28,0,1
478,2777.14,0,1
479,2776.5,1,1
480,2776.52,0,1
481,2774.75,0,1
482,2771.99,0,1
483,2768.4,0,1
484,2765.53,0,1
485,2761.43,1,1
486,2763.17,0,1
487,2761.01,1,1
488,2763.62,0,1
489,2762.0,0,1
490,2756.96,1,1
491,2762.91,0,1
492,2762.01,0,1
493,2757.22,0,1
494,2747.34,1,1
495,2749.42,0,1
496,2747.17,1,1
497,2749.66,0,1
498,2743.63,0,1
499,2742.83,1,1
500,2746.14,0,1
501,2743.33,1,1
502,2744.07,1,1
503,2745.65,1,1
504,2749.71,1,1
505,2750.22,1,1
506,2751.71,1,1
507,2755.7,1,1
508,2756.27,0,0
509,2755.01,1,0
510,2756.68,0,0
511,2755.15,1,0
512,2758.92,0,0
513,2756.81,0,0
514,2753.1,0,0
515,2750.72,1,0
516,2752.48,0,0
517,2751.6,0,0
518,2746.1,1,1
519,2749.55,1,0
520,2751.08,0,0
521,2748.45,0,1
522,2745.78,1,1
523,2750.01,0,0
524,2746.88,1,1
525,2748.34,0,0
526,2748.0,1,0
527,2751.89,1,0
528,2755.34,0,0
529,2753.63,1,0
530,2754.85,1,0
531,2755.63,1,0
532,2757.45,1,0
533,2757.68,0,0
534,2757.64,1,0
535,2758.5,1,0
536,2761.31,0,0
537,2759.14,0,0
538,2756.7,1,0
539,2758.7,1,0
540,2760.0,0,0
541,2760.0,1,0
542,2761.24,1,0
543,2762.43,0,0
544,2760.96,0,0
545,2758.15,1,0
546,2760.39,0,0
547,2754.01,1,0
548,2761.68,1,0
549,2764.3,0,0
550,2761.01,1,0
551,2761.56,1,0
552,2761.97,0,0
553,2761.57,1,0
554,2761.94,1,0
555,2763.89,0,0
556,2763.5,0,0
557,2761.89,0,0
558,2760.77,0,0
559,2760.0,1,0
560,2761.49,0,0
561,2761.22,0,0
562,2759.99,1,0
563,2761.66,0,0
564,2761.44,1,0
565,2761.92,0,0
566,2760.8,0,0
567,2759.26,0,0
568,2759.19,1,0
569,2760.01,1,0
570,2760.28,0,0
571,2758.88,0,0
572,2756.83,1,1
573,2759.94,0,0
574,2759.4,0,0
575,2758.78,1,0
576,2758.84,0,0
577,2758.24,0,0
578,2754.58,1,1
579,2757.09,0,0
580,2755.18,1,1
581,2755.2,0,1
582,2753.9,0,1
583,2753.02,1,1
584,2753.27,0,1
585,2749.68,1,1
586,2750.41,0,1
587,2748.95,1,1
588,2750.46,0,1
589,2748.01,1,1
590,2750.14,0,1
591,2749.01,0,1
592,2748.21,0,1
593,2747.98,1,1
594,2749.01,0,1
595,2748.75,0,1
596,2748.37,1,1
597,2753.4,1,0
598,2754.89,1,0
599,2755.39,0,0
600,2754.18,0,0
601,2753.91,0,0
602,2753.79,0,0
603,2753.75,0,0
604,2752.85,1,0
605,2753.59,1,0
606,2753.89,0,0
607,2753.14,1,0
608,2755.35,1,0
609,2757.84,0,0
610,2756.62,1,0
611,2757.15,0,0
612,2753.35,0,0
613,2747.46,1,1
614,2748.01,0,1
615,2748.0,1,1
616,2749.18,1,1
617,2751.01,1,0
618,2751.42,0,0
619,2749.18,0,0
620,2746.4,1,1
621,2746.63,1,1
622,2748.21,0,1
623,2745.98,0,1
624,2743.41,0,1
625,2740.34,1,1
626,2741.2,1,1
627,2743.44,0,1
628,2743.41,1,1
629,2743.57,0,1
630,2742.67,0,1
631,2741.84,1,1
632,2744.58,1,1
633,2747.55,1,0
634,2747.85,0,0
635,2747.38,0,0
636,2744.95,0,0
637,2743.5,1,0
638,2745.97,0,0
639,2745.82,0,0
640,2742.0,1,0
641,2743.09,1,0
642,2743.54,1,0
643,2743.7,1,0
644,2745.0,1,0
645,2745.23,1,0
646,2747.08,1,0
647,2747.29,1,0
648,2747.76,1,0
649,2748.03,0,0
650,2743.59,1,0
651,2743.66,1,0
652,2746.29,1,0
653,2746.43,0,0
654,2746.19,1,0
655,2747.12,1,0
656,2751.44,0,0
657,2750.08,1,0
658,2751.81,1,0
659,2752.75,0,0
660,2750.92,0,0
661,2750.28,0,0
662,2750.16,1,0
663,2751.73,0,0
664,2751.28,0,0
665,2750.59,0,0
666,2743.74,0,0
667,2743.48,1,1
668,2743.8,0,1
669,2741.11,1,1
670,2742.2,1,1
671,2743.02,0,1
672,2741.19,1,1
673,2742.23,0,1
674,2741.78,0,1
675,2740.73,1,1
676,2742.45,1,1
677,2744.67,0,0
678,2743.31,0,0
679,2741.01,1,1
680,2743.04,1,0
681,2745.57,1,0
682,2746.56,1,0
683,2746.91,0,0
684,2746.47,1,0
685,2747.27,1,0
686,2749.0,0,0
687,2748.63,0,0
688,2748.42,1,0
689,2749.36,1,0
690,2750.05,1,0
691,2752.81,1,0
692,2754.69,1,0
693,2757.67,0,0
694,2756.32,1,0
695,2756.68,1,0
696,2757.69,0,0
697,2757.63,0,0
698,2755.81,1,0
699,2755.88,1,0
700,2756.16,1,0
701,2757.27,0,0
702,2756.38,0,0
703,2756.1,0,0
704,2755.88,1,0
705,2756.5,0,0
706,2756.19,0,0
707,2755.94,0,0
708,2753.99,0,0
709,2752.54,1,0
710,2753.12,1,0
711,2756.98,1,0
712,2759.14,0,0
713,2758.2,0,0
714,2757.79,0,0
715,2757.48,1,0
716,2757.68,1,0
717,2759.61,1,0
718,2759.99,0,0
719,2757.37,0,0
720,2755.58,1,0
721,2756.99,1,0
722,2757.17,0,0
723,2756.59,1,0
724,2757.31,1,0
725,2757.42,0,0
726,2756.0,0,0
727,2755.31,1,0
728,2757.36,0,0
729,2755.96,1,0
730,2756.86,1,0
731,2756.9,1,0
732,2757.86,1,0
733,2759.21,0,0
734,2757.32,1,0
735,2758.06,1,0
736,2760.0,0,0
737,2757.75,0,0
738,2753.71,1,0
739,2756.54,0,0
740,2756.26,0,0
741,2755.62,0,0
742,2755.52,1,0
743,2755.63,1,0
744,2755.82,0,0
745,2754.69,0,0
746,2753.41,0,1
747,2752.88,0,1
748,2748.84,1,1
749,2750.55,0,1
750,2750.07,0,1
751,2749.11,1,1
752,2749.94,0,1
753,2744.58,0,1
754,2741.36,0,1
755,2740.38,0,1
756,2740.0,1,1
757,2741.26,0,1
758,2736.88,1,1
759,2738.65,1,1
760,2740.16,0,1
761,2738.52,0,1
762,2738.14,1,1
763,2739.09,1,1
764,2741.02,1,1
765,2744.63,0,1
766,2743.74,1,0
767,2745.94,0,0
768,2745.77,0,0
769,2744.48,0,0
770,2743.63,0,0
771,2742.24,1,0
772,2742.37,0,0
773,2742.3,0,0
774,2741.63,0,0
775,2741.49,1,0
776,2741.53,1,0
777,2742.51,1,0
778,2743.0,0,0
779,2741.5,1,0
780,2742.59,1,0
781,2743.61,1,0
782,2743.66,0,0
783,2742.58,0,0
784,2740.48,0,0
785,2739.66,0,1
786,2739.38,1,1
787,2742.56,0,0
788,2740.67,1,0
789,2740.93,1,0
790,2741.84,1,0
791,2743.0,0,0
792,2741.9,1,0
793,2742.79,0,0
794,2741.01,0,0
795,2740.72,1,0
796,2741.1,0,0
797,2740.76,0,0
798,2740.34,1,0
799,2741.18,1,0
800,2748.08,0,0
801,2744.59,0,0
802,2740.93,0,0
803,2740.09,0,0
804,2739.82,1,0
805,2740.0,1,0
806,2740.25,0,0
807,2738.59,0,0
808,2736.57,0,1
809,2735.68,1,1
810,2736.26,1,1
811,2739.6,0,0
812,2738.55,0,0
813,2738.4,0,0
814,2737.42,0,0
815,2737.25,0,0
816,2736.98,0,0
817,2735.06,0,1
818,2728.14,1,1
819,2729.99,1,1
820,2730.64,1,1
821,2731.6,1,1
822,2735.34,1,0
823,2736.39,1,0
824,2737.85,1,0
825,2738.47,0,0
826,2734.96,1,0
827,2735.51,1,0
828,2736.52,0,0
829,2736.43,1,0
830,2738.4,0,0
831,2738.4,0,0
832,2738.4,0,0
833,2738.36,1,0
834,2738.42,1,0
835,2739.01,1,0
836,2740.44,1,0
837,2740.99,0,0
838,2740.99,0,0
839,2740.77,1,0
840,2741.03,1,0
841,2741.25,1,0
842,2748.18,0,0
843,2745.22,0,0
844,2745.21,1,0
845,2745.5,0,0
846,2745.26,1,0
847,2745.63,0,0
848,2745.63,0,0
849,2745.52,0,0
850,2745.03,1,0
851,2745.19,0,0
852,2744.8,1,0
853,2745.85,1,0
854,2746.35,1,0
855,2746.5,0,0
856,2745.43,0,0
857,2743.08,0,0
858,2740.83,0,0
859,2739.88,1,1
860,2740.82,0,0
861,2738.31,1,1
862,2741.73,1,0
863,2743.81,0,0
864,2741.51,0,0
865,2741.24,0,0
866,2740.73,1,0
867,2740.94,1,0
868,2741.65,1,0
869,2745.23,1,0
870,2747.84,0,0
871,2747.25,1,0
872,2748.33,0,0
873,2748.14,1,0
874,2748.96,1,0
875,2749.62,1,0
876,2749.69,1,0
877,2750.79,0,0
878,2749.76,0,0
879,2749.4,1,0
880,2749.72,1,0
881,2750.75,0,0
882,2750.37,1,0
883,2750.68,1,0
884,2750.75,0,0
885,2750.0,0,0
886,2748.27,0,0
887,2748.24,0,0
888,2747.72,0,0
889,2747.09,1,0
890,2750.78,1,0
891,2757.66,0,0
892,2756.5,0,0
893,2753.18,1,0
894,2755.39,1,0
895,2756.11,0,0
896,2755.82,0,0
897,2755.62,1,0
898,2757.27,1,0
899,2757.94,1,0
900,2758.11,0,0
901,2757.24,1,0
902,2758.1,1,0
903,2758.75,1,0
904,2764.31,0,0
905,2758.11,0,0
906,2754.39,1,0
907,2756.48,1,0
908,2760.5,1,0
909,2763.06,1,0
910,2765.5,1,0
911,2765.51,1,0
912,2766.94,0,0
913,2766.38,0,0
914,2765.46,0,0
915,2764.13,0,0
916,2763.7,0,0
917,2763.63,0,0
918,2760.19,1,0
919,2762.66,1,0
920,2763.63,0,0
921,2761.21,1,0
922,2761.23,0,0
923,2759.6,1,0
924,2760.22,0,0
925,2759.09,0,0
926,2754.99,1,1
927,2758.21,0,0
928,2757.73,0,0
929,2756.66,1,0
930,2757.22,0,0
931,2754.39,1,1
932,2754.86,1,1
933,2755.9,1,1
934,2756.59,0,0
935,2755.74,0,0
936,2753.03,0,1
937,2751.26,0,1
938,2750.43,0,1
939,2749.7,1,1
940,2750.0,0,1
941,2749.41,0,1
942,2748.37,0,1
943,2747.06,0,1
944,2744.24,1,1
945,2745.37,0,1
946,2744.27,0,1
947,2740.13,1,1
948,2743.9,0,1
949,2741.78,0,1
950,2739.45,1,1
951,2740.46,0,1
952,2737.55,0,1
953,2736.32,0,1
954,2734.29,1,1
955,2735.56,0,1
956,2735.36,0,1
957,2730.93,1,1
958,2732.17,1,1
959,2732.32,1,1
960,2732.68,1,1
961,2735.47,0,1
962,2734.53,1,1
963,2735.76,1,1
964,2737.7,0,1
965,2737.0,0,1
966,2736.0,0,1
967,2735.0,1,1
968,2735.52,0,1
969,2735.45,0,1
970,2734.71,0,1
971,2732.44,1,1
972,2733.04,1,1
973,2735.23,0,0
974,2731.28,1,1
975,2731.53,1,1
976,2732.4,0,1
977,2731.45,1,1
978,2732.44,1,1
979,2733.26,0,0
980,2732.54,0,1
981,2728.22,1,1
982,2728.8,0,1
983,2728.74,1,1
984,2728.83,0,1
985,2728.16,0,1
986,2721.2,0,1
987,2713.67,0,1
988,2712.18,1,1
989,2713.92,1,1
990,2714.06,1,1
991,2714.46,1,1
992,2715.12,1,1
993,2716.01,0,1
994,2712.87,1,1
995,2713.71,0,1
996,2712.77,1,1
997,2713.93,0,1
998,2713.84,1,1
999,2715.82,1,1
1000,2720.72,0,1
1001,2720.1,0,1
1002,2719.2,1,0
1003,2722.36,1,0
1004,2723.77,1,0
1005,2724.27,0,0
1006,2721.93,1,0
1007,2724.77,0,0
1008,2724.64,1,0
1009,2725.91,1,0
1010,2726.18,0,0
1011,2725.91,0,0
1012,2725.45,0,0
1013,2725.32,1,0
1014,2725.47,0,0
1015,2725.35,0,0
1016,2725.17,0,0
1017,2723.34,1,0
1018,2724.22,1,0
1019,2726.99,1,0
1020,2730.48,1,0
1021,2731.88,1,0
1022,2740.52,1,0
1023,2742.45,0,0
1024,2739.36,0,0
1025,2739.11,1,0
1026,2741.19,1,0
1027,2742.02,0,0
1028,2741.18,0,0
1029,2740.8,1,0
1030,2741.5,1,0
1031,2742.19,0,0
1032,2741.58,1,0
1033,2742.53,0,0
1034,2742.26,0,0
1035,2739.25,1,0
1036,2739.35,0,0
1037,2739.26,1,0
1038,2739.77,1,0
1039,2740.05,0,0
1040,2739.18,1,0
1041,2739.69,0,0
1042,2739.12,0,0
1043,2735.49,0,0
1044,2735.0,0,0
1045,2733.28,1,1
1046,2734.16,1,1
1047,2737.42,1,0
1048,2737.66,0,0
1049,2734.08,1,0
1050,2736.36,0,0
1051,2734.72,1,0
1052,2735.81,0,0
1053,2734.9,0,0
1054,2733.86,1,0
1055,2736.57,1,0
1056,2739.34,1,0
1057,2739.48,1,0
1058,2741.54,1,0
1059,2742.0,0,0
1060,2736.59,0,0
1061,2734.91,1,0
1062,2738.37,1,0
1063,2738.62,1,0
1064,2738.93,0,0
1065,2737.26,0,0
1066,2735.26,1,0
1067,2736.92,0,0
1068,2735.96,1,0
1069,2736.39,0,0
1070,2730.47,0,1
1071,2728.63,1,1
1072,2731.05,0,1
1073,2728.46,0,1
1074,2727.25,0,1
1075,2727.01,0,1
1076,2725.35,1,1
1077,2727.39,0,1
1078,2723.27,1,1
1079,2724.13,1,1
1080,2725.22,1,1
1081,2725.64,1,1
1082,2726.62,0,1
1083,2725.59,1,1
1084,2726.23,1,1
1085,2730.08,1,0
1086,2730.18,0,0
1087,2729.77,0,0
1088,2729.42,1,0
1089,2730.34,0,0
1090,2728.82,0,0
1091,2725.27,0,0
1092,2724.63,0,1
1093,2719.48,0,1
1094,2718.18,0,1
1095,2711.61,0,1
1096,2710.26,1,1
1097,2711.99,1,1
1098,2715.23,0,1
1099,2711.79,1,1
1100,2713.97,1,1
1101,2715.82,1,1
1102,2717.42,0,1
1103,2713.75,1,1
1104,2717.03,1,1
1105,2717.45,0,1
1106,2714.24,0,1
1107,2713.48,0,1
1108,2712.63,1,1
1109,2714.14,1,1
1110,2714.86,1,1
1111,2716.4,0,0
1112,2713.87,0,1
1113,2713.81,0,1
1114,2713.32,1,1
1115,2716.48,1,0
1116,2716.85,0,0
1117,2715.39,0,0
1118,2714.94,0,0
1119,2711.14,1,1
1120,2711.56,0,1
1121,2711.15,0,1
1122,2710.01,0,1
1123,2706.41,0,1
1124,2704.03,0,1
1125,2703.01,1,1
1126,2704.0,1,1
1127,2706.33,0,1
1128,2705.94,0,1
1129,2705.0,1,1
1130,2709.78,0,1
1131,2706.57,0,1
1132,2704.9,1,1
1133,2708.74,1,0
1134,2709.8,1,0
1135,2713.74,1,0
1136,2715.1,1,0
1137,2715.47,0,0
1138,2715.24,1,0
1139,2716.68,0,0
1140,2715.54,0,0
1141,2708.51,1,0
1142,2710.17,1,0
1143,2711.56,1,0
1144,2715.41,0,0
1145,2714.17,1,0
1146,2715.43,0,0
1147,2713.22,1,0
1148,2715.29,1,0
1149,2716.68,0,0
1150,2715.74,0,0
1151,2709.94,1,0
1152,2710.51,1,0
1153,2710.74,1,0
1154,2712.49,1,0
1155,2715.92,0,0
1156,2712.47,1,0
1157,2713.12,1,0
1158,2714.39,1,0
1159,2715.94,0,0
1160,2715.68,0,0
1161,2709.59,1,0
1162,2710.12,0,0
1163,2708.0,0,0
1164,2705.93,0,1
1165,2705.33,1,1
1166,2706.81,1,1
1167,2706.93,1,1
1168,2708.69,1,0
1169,2709.4,0,0
1170,2705.51,1,1
1171,2708.08,1,0
1172,2709.49,0,0
1173,2709.49,0,0
1174,2708.1,1,0
1175,2714.5,0,0
1176,2710.52,1,0
1177,2712.95,0,0
1178,2709.48,1,0
1179,2710.11,0,0
1180,2709.69,0,0
1181,2706.82,0,0
1182,2706.34,1,0
1183,2706.45,1,0
1184,2708.07,0,0
1185,2706.58,0,0
1186,2705.01,0,0
1187,2703.97,0,1
1188,2702.95,0,1
1189,2702.53,0,1
1190,2686.16,1,1
1191,2693.63,0,1
1192,2689.56,0,1
1193,2686.62,0,1
1194,2682.64,0,1
1195,2682.26,1,1
1196,2684.66,1,1
1197,2685.4,1,1
1198,2689.11,0,1
1199,2686.98,0,1
1200,2684.77,1,1
1201,2688.39,0,1
1202,2688.01,1,1
1203,2692.06,0,1
1204,2689.79,0,1
1205,2686.0,1,1
1206,2689.69,1,1
1207,2691.55,1,0
1208,2694.42,0,0
1209,2690.87,0,0
1210,2690.0,0,0
1211,2686.86,1,0
1212,2689.83,0,0
1213,2688.58,0,0
1214,2686.31,1,0
1215,2686.38,0,0
1216,2685.75,0,1
1217,2685.73,0,1
1218,2684.52,1,1
1219,2686.59,0,0
1220,2685.9,1,0
1221,2687.81,0,0
1222,2687.05,1,0
1223,2690.73,0,0
1224,2689.63,1,0
1225,2689.69,0,0
1226,2687.11,1,0
1227,2688.19,1,0
1228,2692.37,0,0
1229,2692.17,1,0
1230,2692.86,1,0
1231,2693.36,1,0
1232,2693.4,0,0
1233,2690.99,1,0
1234,2692.44,1,0
1235,2693.61,1,0
1236,2694.0,0,0
1237,2692.27,0,0
1238,2691.86,0,0
1239,2688.66,0,0
1240,2688.06,0,0
1241,2687.0,0,0
1242,2684.72,0,1
1243,2681.7,1,1
1244,2684.19,1,1
1245,2686.83,0,0
1246,2685.68,0,0
1247,2681.99,0,1
1248,2677.83,1,1
1249,2682.6,0,1
1250,2680.72,0,1
1251,2680.22,0,1
1252,2679.01,0,1
1253,2676.57,1,1
1254,2676.81,1,1
1255,2677.27,1,1
1256,2681.2,1,1
1257,2681.99,0,0
1258,2681.51,1,0
1259,2682.01,0,0
1260,2678.57,1,1
1261,2680.43,0,0
1262,2676.69,1,1
1263,2679.41,1,0
1264,2680.23,0,0
1265,2678.57,0,0
1266,2674.85,0,1
1267,2672.04,0,1
1268,2665.92,0,1
1269,2664.78,1,1
1270,2666.74,0,1
1271,2664.17,0,1
1272,2657.01,1,1
1273,2660.03,1,1
1274,2663.73,0,1
1275,2660.0,0,1
1276,2658.44,0,1
1277,2656.79,1,1
1278,2659.22,1,1
1279,2661.53,1,1
1280,2663.95,0,1
1281,2661.56,0,1
1282,2659.74,1,1
1283,2660.15,1,1
1284,2662.87,0,1
1285,2658.63,0,1
1286,2657.72,0,1
1287,2654.36,0,1
1288,2647.48,0,1
1289,2639.86,0,1
1290,2630.87,1,1
1291,2635.86,1,1
1292,2635.94,0,1
1293,2634.47,0,1
1294,2633.21,0,1
1295,2632.47,1,1
1296,2635.29,1,1
1297,2637.56,1,1
1298,2639.17,0,1
1299,2638.51,1,1
1300,2639.81,0,1
1301,2637.67,0,1
1302,2633.69,1,1
1303,2636.8,0,1
1304,2633.23,1,1
1305,2638.22,0,1
1306,2637.41,0,1
1307,2635.11,1,1
1308,2636.46,1,1
1309,2636.89,0,1
1310,2635.66,0,1
1311,2630.39,0,1
1312,2628.09,1,1
1313,2634.76,0,1
1314,2633.14,0,1
1315,2627.86,0,1
1316,2627.71,1,1
1317,2630.6,0,1
1318,2628.62,1,1
1319,2629.38,1,1
1320,2634.25,1,0
1321,2638.08,0,0
1322,2637.53,1,0
1323,2637.93,0,0
1324,2637.46,0,0
1325,2635.99,1,0
1326,2636.46,1,0
1327,2638.91,0,0
1328,2638.2,0,0
1329,2633.05,1,0
1330,2636.45,0,0
1331,2636.38,0,0
1332,2635.03,1,0
1333,2639.62,0,0
1334,2637.27,1,0
1335,2637.3,0,0
1336,2636.83,0,0
1337,2636.36,0,0
1338,2634.3,1,0
1339,2636.69,1,0
1340,2638.42,1,0
1341,2638.62,1,0
1342,2645.23,1,0
1343,2649.96,0,0
1344,2643.7,0,0
1345,2640.69,0,0
1346,2637.3,0,0
1347,2634.0,1,0
1348,2636.65,1,0
1349,2641.28,0,0
1350,2640.51,0,0
1351,2639.54,0,0
1352,2637.9,1,0
1353,2642.95,1,0
1354,2646.31,0,0
1355,2641.63,0,0
1356,2638.55,0,0
1357,2636.76,1,0
1358,2639.93,0,0
1359,2639.58,0,0
1360,2635.92,1,0
1361,2641.01,1,0
1362,2641.03,1,0
1363,2648.08,1,0
1364,2651.84,0,0
1365,2647.3,1,0
1366,2648.71,0,0
1367,2646.3,1,0
1368,2649.25,1,0
1369,2652.85,1,0
1370,2652.98,0,0
1371,2651.55,1,0
1372,2652.87,0,0
1373,2651.54,0,0
1374,2648.67,1,0
1375,2650.52,0,0
1376,2650.47,0,0
1377,2650.17,0,0
1378,2645.03,1,0
1379,2646.3,1,0
1380,2646.64,0,0
1381,2643.21,0,0
1382,2642.33,0,0
1383,2640.18,0,1
1384,2637.49,1,1
1385,2645.13,0,0
1386,2644.06,1,0
1387,2647.24,1,0
1388,2653.79,0,0
1389,2653.21,0,0
1390,2650.96,1,0
1391,2651.11,1,0
1392,2653.27,0,0
1393,2652.17,1,0
1394,2652.18,1,0
1395,2653.6,1,0
1396,2654.01,1,0
1397,2654.17,0,0
1398,2649.99,1,0
1399,2650.61,0,0
1400,2649.01,0,0
1401,2644.94,1,0
1402,2647.52,0,0
1403,2647.08,1,0
1404,2648.22,1,0
1405,2650.34,0,0
1406,2648.24,0,0
1407,2646.31,1,0
1408,2648.54,0,0
1409,2646.0,0,0
1410,2645.88,0,0
1411,2643.74,0,0
1412,2643.13,0,1
1413,2642.24,0,1
1414,2640.93,0,1
1415,2640.92,0,1
1416,2640.61,1,1
1417,2642.97,0,1
1418,2639.88,0,1
1419,2639.74,0,1
1420,2637.29,0,1
1421,2635.17,0,1
1422,2632.12,0,1
1423,2628.38,1,1
1424,2628.67,0,1
1425,2625.03,1,1
1426,2626.3,1,1
1427,2629.64,0,1
1428,2627.4,0,1
1429,2626.01,1,1
1430,2630.57,1,1
1431,2633.38,0,1
1432,2632.39,0,1
1433,2630.31,0,1
1434,2627.79,0,1
1435,2625.82,0,1
1436,2616.73,1,1
1437,2620.1,0,1
1438,2614.72,1,1
1439,2615.0,1,1
1440,2616.1,0,1
1441,2611.02,1,1
1442,2611.23,0,1
1443,2608.75,0,1
1444,2605.4,0,1
1445,2605.27,1,1
1446,2610.25,0,1
1447,2608.5,1,1
1448,2611.91,0,1
1449,2609.52,1,1
1450,2612.59,0,1
1451,2611.64,1,1
1452,2616.97,0,1
1453,2613.98,0,1
1454,2609.2,1,1
1455,2612.99,0,1
1456,2609.91,0,1
1457,2606.48,1,1
1458,2613.38,1,0
1459,2615.62,0,0
1460,2612.2,0,0
1461,2611.56,0,0
1462,2605.72,1,1
1463,2613.25,1,0
1464,2623.27,0,0
1465,2621.6,1,0
1466,2626.13,0,0
1467,2623.12,1,0
1468,2629.57,1,0
1469,2630.82,0,0
1470,2628.09,0,0
1471,2625.67,1,0
1472,2627.56,0,0
1473,2624.37,1,0
1474,2626.48,1,0
1475,2628.39,1,0
1476,2631.57,0,0
1477,2629.1,0,0
1478,2625.42,1,0
1479,2625.46,0,0
1480,2622.25,0,0
1481,2619.03,0,0
1482,2617.76,0,0
1483,2616.59,1,1
1484,2616.99,0,1
1485,2614.05,0,1
1486,2610.38,1,1
1487,2612.21,1,1
1488,2615.62,0,1
1489,2614.48,0,1
1490,2612.8,1,1
1491,2621.76,0,0
1492,2617.73,1,0
1493,2620.13,1,0
1494,2624.0,1,0
1495,2624.84,1,0
1496,2626.38,1,0
1497,2629.42,0,0
1498,2626.52,1,0
1499,2629.74,0,0
1500,2628.26,0,0
1501,2628.07,1,0
1502,2629.35,0,0
1503,2629.0,1,0
1504,2630.14,0,0
1505,2626.47,1,0
1506,2627.28,1,0
1507,2629.04,0,0
1508,2623.45,1,0
1509,2627.58,0,0
1510,2624.27,1,0
1511,2625.12,1,0
1512,2627.63,0,0
1513,2624.24,1,0
1514,2627.0,0,0
1515,2623.79,0,0
1516,2622.69,0,0
1517,2622.35,1,0
1518,2626.46,1,0
1519,2629.01,0,0
1520,2626.13,1,0
1521,2627.58,1,0
1522,2630.51,0,0
1523,2628.63,1,0
1524,2629.01,1,0
1525,2629.68,1,0
1526,2630.59,1,0
1527,2631.46,0,0
1528,2631.16,0,0
1529,2628.45,1,0
1530,2630.81,0,0
1531,2629.17,0,0
1532,2628.94,0,0
1533,2628.0,1,0
1534,2629.81,1,0
1535,2631.74,1,0
1536,2636.33,0,0
1537,2634.76,1,0
1538,2635.35,1,0
1539,2636.58,1,0
1540,2640.56,0,0
1541,2640.31,1,0
1542,2641.24,1,0
1543,2641.66,1,0
1544,2642.46,0,0
1545,2640.0,0,0
1546,2637.65,1,0
1547,2638.63,1,0
1548,2640.77,1,0
1549,2641.41,0,0
1550,2640.08,1,0
1551,2641.73,0,0
1552,2640.25,0,0
1553,2638.01,1,0
1554,2639.06,0,0
1555,2633.61,1,0
1556,2634.3,1,0
1557,2635.68,0,0
1558,2635.64,0,0
1559,2634.49,0,0
1560,2630.01,1,1
1561,2630.03,0,1
1562,2629.85,0,1
1563,2629.38,0,1
1564,2624.81,0,1
1565,2622.89,1,1
1566,2624.08,1,1
1567,2624.45,0,1
1568,2618.11,1,1
1569,2618.88,0,1
1570,2618.41,0,1
1571,2617.0,0,1
1572,2615.41,1,1
1573,2616.26,1,1
1574,2617.82,0,1
1575,2617.49,0,1
1576,2615.99,0,1
1577,2614.18,1,1
1578,2616.39,1,1
1579,2617.32,0,1
1580,2615.48,0,1
1581,2613.72,0,1
1582,2613.15,1,1
1583,2614.94,0,1
1584,2614.91,1,1
1585,2616.6,1,1
1586,2618.5,1,0
1587,2618.63,1,0
1588,2619.75,0,0
1589,2617.7,1,0
1590,2618.43,1,0
1591,2618.98,1,0
1592,2620.28,1,0
1593,2622.68,0,0
1594,2621.21,0,0
1595,2620.56,1,0
1596,2620.61,1,0
1597,2621.72,0,0
1598,2621.62,1,0
1599,2623.97,1,0
1600,2626.63,0,0
1601,2626.11,0,0
1602,2623.63,1,0
1603,2624.82,0,0
1604,2622.82,0,0
1605,2622.65,0,0
1606,2618.92,1,0
1607,2619.34,0,0
1608,2619.14,1,0
1609,2619.83,0,0
1610,2618.96,1,0
1611,2620.62,1,0
1612,2621.29,1,0
1613,2624.44,1,0
1614,2626.18,0,0
1615,2623.42,1,0
1616,2623.62,0,0
1617,2621.55,1,0
1618,2624.06,0,0
1619,2624.03,1,0
1620,2625.35,1,0
1621,2625.9,1,0
1622,2626.32,1,0
1623,2626.48,1,0
1624,2629.37,1,0
1625,2630.46,1,0
1626,2636.94,1,0
1627,2639.29,1,0
1628,2639.7,1,0
1629,2640.19,0,0
1630,2638.03,0,0
1631,2636.44,1,0
1632,2637.45,1,0
1633,2637.47,1,0
1634,2640.01,1,0
1635,2644.8,0,0
1636,2644.38,0,0
1637,2643.0,1,0
1638,2645.62,0,0
1639,2644.03,0,0
1640,2641.58,0,0
1641,2641.36,0,0
1642,2641.36,0,0
1643,2641.09,0,0
1644,2639.39,0,0
1645,2638.6,1,0
1646,2638.89,0,0
1647,2637.2,1,0
1648,2637.68,1,0
1649,2639.83,1,0
1650,2650.81,0,0
1651,2648.64,0,0
1652,2647.28,1,0
1653,2652.8,0,0
1654,2651.74,1,0
1655,2654.37,1,0
1656,2655.3,1,0
1657,2657.87,0,0
1658,2656.59,1,0
1659,2656.81,1,0
1660,2657.39,0,0
1661,2654.72,0,0
1662,2652.08,0,0
1663,2648.99,0,0
1664,2645.75,0,1
1665,2642.03,0,1
1666,2639.44,1,1
1667,2640.22,1,1
1668,2640.48,0,1
1669,2638.55,1,1
1670,2639.77,0,1
1671,2639.0,0,1
1672,2634.15,1,1
1673,2635.59,1,1
1674,2636.2,1,1
1675,2637.28,0,1
1676,2635.02,1,1
1677,2636.8,1,1
1678,2637.52,1,1
1679,2640.82,1,0
1680,2641.71,0,0
1681,2640.46,0,0
1682,2639.71,0,0
1683,2637.33,0,0
1684,2636.81,0,0
1685,2634.85,0,1
1686,2632.37,1,1
1687,2634.24,0,1
1688,2627.93,1,1
1689,2628.06,1,1
1690,2628.49,0,1
1691,2627.39,0,1
1692,2624.97,1,1
1693,2627.19,0,1
1694,2625.78,1,1
1695,2626.87,0,1
1696,2623.45,1,1
1697,2625.0,1,1
1698,2628.59,0,1
1699,2627.55,0,1
1700,2620.23,1,1
1701,2625.76,1,1
1702,2627.15,1,1
1703,2629.21,0,0
1704,2625.37,1,0
1705,2626.96,0,0
1706,2625.33,1,0
1707,2626.62,1,0
1708,2629.01,0,0
1709,2628.99,0,0
1710,2627.38,0,0
1711,2627.02,0,0
1712,2625.19,0,0
1713,2625.1,1,0
1714,2627.78,1,0
1715,2632.15,1,0
1716,2633.25,0,0
1717,2630.61,0,0
1718,2630.26,1,0
1719,2634.81,0,0
1720,2632.61,0,0
1721,2630.86,0,0
1722,2630.24,0,0
1723,2625.7,0,0
1724,2624.87,1,0
1725,2628.01,0,0
1726,2627.08,1,0
1727,2629.98,1,0
1728,2630.1,1,0
1729,2632.99,0,0
1730,2629.49,0,0
1731,2629.01,0,0
1732,2629.01,0,0
1733,2628.88,1,0
1734,2630.14,1,0
1735,2635.98,0,0
1736,2634.69,1,0
1737,2634.75,1,0
1738,2636.48,1,0
1739,2638.59,0,0
1740,2636.34,0,0
1741,2636.0,1,0
1742,2638.05,1,0
1743,2638.86,0,0
1744,2637.89,0,0
1745,2634.99,0,0
1746,2634.23,0,0
1747,2633.95,1,0
1748,2634.5,0,0
1749,2633.12,1,0
1750,2634.05,0,0
1751,2633.13,1,0
1752,2634.68,1,0
1753,2635.04,0,0
1754,2633.44,1,0
1755,2638.0,0,0
1756,2633.82,0,0
1757,2629.26,1,0
1758,2630.82,1,0
1759,2632.28,1,0
1760,2632.87,1,0
1761,2634.74,1,0
1762,2636.11,0,0
1763,2635.31,0,0
1764,2633.15,0,0
1765,2632.37,1,0
1766,2632.87,0,0
1767,2631.23,0,0
1768,2629.83,0,0
1769,2626.11,0,1
1770,2624.28,1,1
1771,2625.97,0,1
1772,2622.88,0,1
1773,2622.43,0,1
1774,2618.84,0,1
1775,2610.43,0,1
1776,2606.64,1,1
1777,2610.3,0,1
1778,2605.43,0,1
1779,2604.61,1,1
1780,2612.35,1,1
1781,2622.14,1,1
1782,2623.15,1,1
1783,2629.94,1,1
1784,2630.92,0,0
1785,2628.01,0,0
1786,2627.2,0,0
1787,2626.82,0,0
1788,2622.22,0,0
1789,2618.37,0,0
1790,2617.65,0,1
1791,2615.01,1,1
1792,2618.14,1,1
1793,2621.19,1,0
1794,2622.48,1,0
1795,2624.91,1,0
1796,2626.96,0,0
1797,2625.0,0,0
1798,2624.53,0,0
1799,2620.83,1,0
1800,2624.24,0,0
1801,2620.66,1,0
1802,2623.59,0,0
1803,2622.1,0,0
1804,2619.48,0,0
1805,2616.82,0,0
1806,2614.38,1,1
1807,2615.49,0,1
1808,2614.52,1,1
1809,2615.37,1,1
1810,2616.68,0,0
1811,2614.99,1,1
1812,2621.97,1,0
1813,2624.41,1,0
1814,2626.39,0,0
1815,2623.83,1,0
1816,2624.46,1,0
1817,2625.36,1,0
1818,2626.27,1,0
1819,2630.21,0,0
1820,2629.33,1,0
1821,2629.61,1,0
1822,2631.86,1,0
1823,2632.28,1,0
1824,2632.54,1,0
1825,2637.69,0,0
1826,2632.44,1,0
1827,2633.69,0,0
1828,2633.0,0,0
1829,2632.87,1,0
1830,2633.78,0,0
1831,2632.39,0,0
1832,2632.02,0,0
1833,2629.78,1,0
1834,2629.83,0,0
1835,2628.85,0,0
1836,2626.98,1,0
1837,2629.1,1,0
1838,2631.14,1,0
1839,2638.13,0,0
1840,2636.01,1,0
1841,2636.57,0,0
1842,2636.01,0,0
1843,2634.77,0,0
1844,2629.32,1,0
1845,2630.39,0,0
1846,2629.85,1,0
1847,2630.64,0,0
1848,2629.5,0,0
1849,2628.38,1,0
1850,2629.79,1,0
1851,2633.74,1,0
1852,2639.62,0,0
1853,2638.24,1,0
1854,2644.54,0,0
1855,2643.99,1,0
1856,2644.01,1,0
1857,2645.46,1,0
1858,2646.2,1,0
1859,2646.68,1,0
1860,2647.37,0,0
1861,2643.48,1,0
1862,2643.58,0,0
1863,2640.27,1,0
1864,2641.18,1,0
1865,2642.77,1,0
1866,2644.38,1,0
1867,2645.36,1,0
1868,2645.54,1,0
1869,2647.96,1,0
1870,2650.03,1,0
1871,2651.01,1,0
1872,2659.27,0,0
1873,2655.42,0,0
1874,2652.55,1,0
1875,2652.81,1,0
1876,2654.35,0,0
1877,2652.36,0,0
1878,2651.99,1,0
1879,2653.14,1,0
1880,2653.83,1,0
1881,2654.8,1,0
1882,2655.32,1,0
1883,2658.19,1,0
1884,2661.57,1,0
1885,2661.58,0,0
1886,2657.83,1,0
1887,2659.05,1,0
1888,2664.28,1,0
1889,2664.83,1,0
1890,2666.51,1,0
1891,2669.9,1,0
1892,2671.82,0,0
1893,2667.61,0,0
1894,2667.41,1,0
1895,2668.95,1,0
1896,2672.94,0,0
1897,2670.87,0,0
1898,2665.09,0,0
1899,2664.77,1,0
1900,2665.1,0,0
1901,2662.38,1,0
1902,2662.55,1,0
1903,2665.5,0,0
1904,2663.0,0,0
1905,2657.11,1,1
1906,2657.92,0,1
1907,2656.94,0,1
1908,2654.99,0,1
1909,2654.16,0,1
1910,2651.03,0,1
1911,2649.85,1,1
1912,2650.77,0,1
1913,2650.67,1,1
1914,2653.51,0,1
1915,2652.74,0,1
1916,2650.81,0,1
1917,2638.48,0,1
1918,2635.71,0,1
1919,2633.27,1,1
1920,2635.11,1,1
1921,2638.98,0,1
1922,2634.46,1,1
1923,2640.0,0,1
1924,2639.82,1,1
1925,2640.2,1,1
1926,2643.29,0,1
1927,2642.49,0,1
1928,2642.0,1,1
1929,2644.06,1,1
1930,2645.79,1,0
1931,2646.19,0,0
1932,2642.11,1,0
1933,2643.54,1,0
1934,2646.21,1,0
1935,2649.05,0,0
1936,2646.37,0,0
1937,2644.48,0,0
1938,2642.86,1,0
1939,2647.28,1,0
1940,2649.46,0,0
1941,2647.42,1,0
1942,2649.78,1,0
1943,2650.37,1,0
1944,2653.79,0,0
1945,2653.79,0,0
1946,2653.09,1,0
1947,2653.59,1,0
1948,2653.94,0,0
1949,2652.95,1,0
1950,2655.45,1,0
1951,2656.6,1,0
1952,2656.73,0,0
1953,2655.7,1,0
1954,2655.96,0,0
1955,2655.65,1,0
1956,2659.52,0,0
1957,2656.7,1,0
1958,2656.74,1,0
1959,2658.58,0,0
1960,2657.27,1,0
1961,2657.6,0,0
1962,2655.4,0,0
1963,2647.25,1,1
1964,2649.81,1,0
1965,2650.24,0,0
1966,2647.68,0,1
1967,2644.58,0,1
1968,2641.23,1,1
1969,2641.36,1,1
1970,2644.99,0,1
1971,2644.36,0,1
1972,2642.32,1,1
1973,2644.45,0,1
1974,2644.18,0,1
1975,2642.3,1,1
1976,2645.59,0,1
1977,2639.77,1,1
1978,2640.61,1,1
1979,2645.1,0,0
1980,2644.83,1,0
1981,2651.01,0,0
1982,2649.29,1,0
1983,2649.77,1,0
1984,2651.23,0,0
1985,2651.0,1,0
1986,2651.18,1,0
1987,2651.75,0,0
1988,2650.26,0,0
1989,2646.13,1,0
1990,2647.84,1,0
1991,2650.44,0,0
1992,2648.92,1,0
1993,2650.76,0,0
1994,2650.28,0,0
1995,2647.97,0,0
1996,2643.71,1,0
1997,2646.12,1,0
1998,2647.07,0,0
1999,2645.1,0,0
2000,2644.38,1,0
2001,2646.44,0,0
2002,2646.14,0,0
2003,2644.85,1,0
2004,2647.25,0,0
2005,2645.46,1,0
2006,2646.03,0,0
2007,2645.64,1,0
2008,2645.8,0,0
2009,2643.38,0,0
2010,2643.36,1,0
2011,2653.84,1,0
2012,2659.22,0,0
2013,2658.43,0,0
2014,2656.1,1,0
2015,2656.94,0,0
2016,2656.39,0,0
2017,2655.25,0,0
2018,2655.19,0,0
2019,2651.82,0,0
2020,2651.3,0,0
2021,2650.55,1,0
2022,2652.48,0,0
2023,2649.72,0,0
2024,2649.21,1,0
2025,2649.23,1,0
2026,2651.9,1,0
2027,2652.34,1,0
2028,2662.75,1,0
2029,2663.91,0,0
2030,2663.36,1,0
2031,2664.91,1,0
2032,2665.32,0,0
2033,2664.37,1,0
2034,2664.78,0,0
2035,2664.08,1,0
2036,2664.14,1,0
2037,2664.48,1,0
2038,2667.7,0,0
2039,2665.13,0,0
2040,2663.08,0,0
2041,2660.61,1,0
2042,2662.53,0,0
2043,2660.85,1,0
2044,2663.48,1,0
2045,2665.7,1,0
2046,2668.45,0,0
2047,2667.2,0,0
2048,2666.83,0,0
2049,2660.61,1,0
2050,2661.32,0,0
2051,2661.01,1,0
2052,2663.69,1,0
2053,2667.2,0,0
2054,2663.44,0,0
2055,2662.84,0,0
2056,2662.84,0,0
2057,2662.33,0,0
2058,2659.83,0,0
2059,2657.04,1,1
2060,2657.55,0,1
2061,2655.33,1,1
2062,2658.01,1,0
2063,2659.32,0,0
2064,2657.88,0,0
2065,2656.96,0,0
2066,2655.7,0,1
2067,2654.58,1,1
2068,2656.45,1,0
2069,2656.51,1,0
2070,2659.16,0,0
2071,2656.04,0,0
2072,2655.52,0,0
2073,2654.89,0,0
2074,2654.54,0,1
2075,2650.65,0,1
2076,2650.62,0,1
2077,2649.04,1,1
2078,2650.69,1,1
2079,2651.95,0,1
2080,2651.47,1,1
2081,2652.18,0,1
2082,2650.41,0,1
2083,2650.21,1,1
2084,2652.84,0,0
2085,2652.1,1,0
2086,2654.88,0,0
2087,2650.95,1,0
2088,2653.17,0,0
2089,2653.03,0,0
2090,2652.09,0,0
2091,2648.07,1,1
2092,2648.8,0,1
2093,2648.0,0,1
2094,2647.65,0,1
2095,2647.12,1,1
2096,2647.79,1,1
2097,2648.75,1,0
2098,2649.5,0,0
2099,2648.11,0,0
2100,2647.71,1,1
2101,2648.52,0,0
2102,2646.87,1,1
2103,2649.7,0,0
2104,2649.51,0,0
2105,2648.37,1,0
2106,2650.28,1,0
2107,2651.2,0,0
2108,2650.95,0,0
2109,2648.25,1,0
2110,2648.64,0,0
2111,2647.36,1,0
2112,2648.59,1,0
2113,2649.25,0,0
2114,2647.0,1,0
2115,2648.39,0,0
2116,2648.29,1,0
2117,2649.67,0,0
2118,2647.95,0,0
2119,2644.33,0,1
2120,2641.84,0,1
2121,2640.69,0,1
2122,2638.85,1,1
2123,2639.74,0,1
2124,2637.98,0,1
2125,2635.19,0,1
2126,2635.0,0,1
2127,2634.2,0,1
2128,2633.24,0,1
2129,2630.41,0,1
2130,2628.98,1,1
2131,2631.65,1,1
2132,2632.0,1,1
2133,2632.94,1,1
2134,2633.04,0,1
2135,2632.72,1,1
2136,2633.03,0,1
2137,2632.1,1,1
2138,2633.5,1,1
2139,2634.76,0,1
2140,2633.25,1,1
2141,2633.52,0,1
2142,2630.01,1,1
2143,2632.35,1,1
2144,2633.42,0,0
2145,2633.06,0,0
2146,2632.22,0,1
2147,2625.77,0,1
2148,2622.83,1,1
2149,2627.09,0,1
2150,2625.35,0,1
2151,2625.22,1,1
2152,2627.12,1,1
2153,2627.36,1,1
2154,2628.35,1,1
2155,2629.4,1,0
2156,2629.62,0,0
2157,2628.79,1,0
2158,2631.83,1,0
2159,2632.54,0,0
2160,2631.71,1,0
2161,2632.31,1,0
2162,2632.5,0,0
2163,2631.84,0,0
2164,2631.72,0,0
2165,2631.59,1,0
2166,2632.84,0,0
2167,2631.11,1,0
2168,2632.44,0,0
2169,2632.35,0,0
2170,2630.14,0,0
2171,2628.02,0,0
2172,2626.52,1,1
2173,2627.04,0,1
2174,2625.0,1,1
2175,2627.14,1,0
2176,2627.32,0,0
2177,2625.58,1,1
2178,2626.82,1,0
2179,2627.15,1,0
2180,2627.44,1,0
2181,2632.67,0,0
2182,2624.95,0,0
2183,2617.56,1,1
2184,2620.39,0,1
2185,2618.36,0,1
2186,2613.48,0,1
2187,2611.82,0,1
2188,2611.09,0,1
2189,2611.03,0,1
2190,2607.33,0,1
2191,2605.99,0,1
2192,2605.93,1,1
2193,2606.12,0,1
2194,2605.25,0,1
2195,2603.95,0,1
2196,2602.16,1,1
2197,2603.88,0,1
2198,2603.77,1,1
2199,2606.23,0,1
2200,2603.22,0,1
2201,2596.21,1,1
2202,2598.94,0,1
2203,2595.82,0,1
2204,2591.79,1,1
2205,2594.07,0,1
2206,2589.71,0,1
2207,2586.17,0,1
2208,2584.42,1,1
2209,2588.91,1,1
2210,2590.92,0,1
2211,2586.72,1,1
2212,2590.66,0,1
2213,2587.63,0,1
2214,2587.41,0,1
2215,2585.48,0,1
2216,2580.75,1,1
2217,2582.79,0,1
2218,2582.57,0,1
2219,2579.0,0,1
2220,2577.69,1,1
2221,2577.86,1,1
2222,2583.18,1,1
2223,2592.43,1,1
2224,2594.7,1,0
2225,2595.34,0,0
2226,2591.1,1,0
2227,2592.66,0,0
2228,2589.64,1,0
2229,2592.0,0,0
2230,2590.88,1,0
2231,2590.93,1,0
2232,2591.84,1,0
2233,2593.17,1,0
2234,2593.43,1,0
2235,2597.42,1,0
2236,2598.04,1,0
2237,2598.19,1,0
2238,2605.0,1,0
2239,2605.02,1,0
2240,2606.42,0,0
2241,2605.78,1,0
2242,2608.19,1,0
2243,2608.64,0,0
2244,2608.57,1,0
2245,2609.17,1,0
2246,2612.13,1,0
2247,2615.81,1,0
2248,2618.68,0,0
2249,2615.51,0,0
2250,2606.77,1,0
2251,2609.86,0,0
2252,2609.2,1,0
2253,2610.89,1,0
2254,2612.58,1,0
2255,2614.58,1,0
2256,2618.01,1,0
2257,2618.4,0,0
2258,2612.5,0,0
2259,2612.41,1,0
2260,2613.27,1,0
2261,2614.28,1,0
2262,2614.65,1,0
2263,2615.53,0,0
2264,2614.7,1,0
2265,2615.77,1,0
2266,2618.17,0,0
2267,2616.65,0,0
2268,2616.55,0,0
2269,2616.0,1,0
2270,2616.19,1,0
2271,2616.35,1,0
2272,2616.6,0,0
2273,2616.53,0,0
2274,2616.33,1,0
2275,2616.55,0,0
2276,2615.97,0,0
2277,2612.89,0,0
2278,2611.73,0,0
2279,2611.71,1,0
2280,2612.61,1,0
2281,2614.59,1,0
2282,2614.74,0,0
2283,2613.9,1,0
2284,2620.38,0,0
2285,2617.76,1,0
2286,2619.97,1,0
2287,2628.5,1,0
2288,2631.31,1,0
2289,2636.87,1,0
2290,2644.64,0,0
2291,2643.63,0,0
2292,2640.55,1,0
2293,2641.99,1,1
2294,2642.13,1,1
2295,2648.21,1,1
2296,2652.2,0,1
2297,2652.2,1,1
2298,2664.15,0,1
2299,2658.62,1,1
2300,2659.78,0,1
2301,2647.21,0,1
2302,2642.55,1,1
2303,2646.28,1,1
2304,2649.54,1,1
2305,2657.78,1,1
2306,2659.38,0,1
2307,2658.01,1,1
2308,2659.57,0,1
2309,2653.97,0,1
2310,2648.74,1,1
2311,2650.07,0,1
2312,2649.88,0,1
2313,2639.24,0,1
2314,2637.07,0,1
2315,2636.56,1,1
2316,2638.72,1,1
2317,2640.66,0,1
2318,2637.47,0,1
2319,2633.36,0,1
2320,2633.22,1,1
2321,2635.28,0,1
2322,2634.95,1,1
2323,2635.61,1,1
2324,2635.63,1,1
2325,2637.85,0,1
2326,2637.12,0,1
2327,2636.56,0,1
2328,2635.01,1,1
2329,2636.02,1,0
2330,2638.5,1,0
2331,2644.8,1,0
2332,2648.11,0,0
2333,2647.79,0,0
2334,2643.85,1,0
2335,2645.99,1,0
2336,2646.56,1,0
2337,2649.15,0,0
2338,2645.5,0,0
2339,2643.3,1,0
2340,2643.33,1,0
2341,2643.6,1,0
2342,2644.37,0,0
2343,2638.2,0,0
2344,2635.1,0,1
2345,2631.75,1,1
2346,2632.36,0,1
2347,2627.85,1,1
2348,2629.19,0,1
2349,2627.53,1,1
2350,2630.83,0,1
2351,2628.89,0,1
2352,2623.11,1,1
2353,2627.71,0,1
2354,2626.0,0,1
2355,2622.13,0,1
2356,2621.69,1,1
2357,2621.99,1,1
2358,2623.69,0,1
2359,2618.42,0,1
2360,2613.39,0,1
2361,2610.91,0,1
2362,2608.04,1,1
2363,2611.87,1,1
2364,2614.86,1,1
2365,2623.58,0,1
2366,2618.4,1,1
2367,2619.92,1,1
2368,2623.64,1,1
2369,2624.85,1,0
2370,2628.41,1,0
2371,2629.58,1,0
2372,2631.08,1,0
2373,2631.94,1,0
2374,2632.76,1,0
2375,2632.82,0,0
2376,2631.55,0,0
2377,2629.32,0,0
2378,2625.15,0,0
2379,2623.48,0,0
2380,2622.5,1,0
2381,2622.94,0,0
2382,2622.23,0,0
2383,2622.17,1,0
2384,2623.73,0,0
2385,2622.99,1,0
2386,2625.66,0,0
2387,2622.64,1,0
2388,2626.99,0,0
2389,2623.61,1,0
2390,2623.7,1,0
2391,2627.9,1,0
2392,2630.04,0,0
2393,2628.8,1,0
2394,2631.53,0,0
2395,2629.63,1,0
2396,2631.18,0,0
2397,2630.01,0,0
2398,2629.9,1,0
2399,2632.25,1,0
2400,2635.63,0,0
2401,2634.65,1,0
2402,2637.15,0,0
2403,2632.84,0,0
2404,2629.65,1,0
2405,2630.86,0,0
2406,2630.32,1,0
2407,2631.05,1,0
2408,2638.16,1,0
2409,2640.31,0,0
2410,2638.87,1,0
2411,2649.04,1,0
2412,2650.0,1,0
2413,2656.39,0,0
2414,2656.32,1,0
2415,2661.38,0,0
2416,2661.15,1,0
2417,2667.82,1,1
2418,2668.32,0,1
2419,2663.2,0,1
2420,2659.27,1,1
2421,2663.34,1,1
2422,2664.28,1,1
2423,2679.07,1,1
2424,2686.48,1,1
2425,2686.81,1,1
2426,2695.68,1,1
2427,2698.5,0,1
2428,2695.99,1,1
2429,2699.0,1,1
2430,2707.5,1,1
2431,2708.41,1,1
2432,2711.33,0,1
2433,2706.55,0,1
2434,2703.84,1,1
2435,2708.0,1,1
2436,2713.92,1,1
2437,2718.66,0,1
2438,2710.5,0,1
2439,2706.91,1,1
2440,2709.17,1,1
2441,2711.49,1,1
2442,2712.15,0,1
2443,2709.1,0,1
2444,2707.4,1,1
2445,2712.41,1,1
2446,2712.48,0,1
2447,2710.23,0,1
2448,2709.96,1,1
2449,2718.39,1,1
2450,2722.7,0,1
2451,2719.88,0,1
2452,2718.02,1,1
2453,2721.09,0,1
2454,2719.26,1,1
2455,2723.66,0,1
2456,2723.13,1,1
2457,2732.13,0,1
2458,2723.92,1,1
2459,2725.39,1,1
2460,2729.1,1,1
2461,2729.32,0,1
2462,2723.07,1,1
2463,2723.92,0,1
2464,2721.21,1,1
2465,2722.32,0,1
2466,2722.16,1,1
2467,2726.57,0,0
2468,2725.47,1,0
2469,2725.93,1,0
2470,2726.76,1,0
2471,2730.09,0,0
2472,2727.48,0,0
2473,2726.19,0,0
2474,2721.93,0,0
2475,2715.78,0,1
2476,2714.67,0,1
2477,2713.3,0,1
2478,2712.46,1,1
2479,2713.71,1,1
2480,2714.09,1,1
2481,2717.74,1,1
2482,2721.01,0,0
2483,2716.03,1,0
2484,2716.04,0,0
2485,2714.95,0,1
2486,2714.68,0,1
2487,2713.38,0,1
2488,2712.79,1,1
2489,2715.95,1,0
2490,2717.42,0,0
2491,2716.26,0,0
2492,2715.5,1,0
2493,2717.82,1,0
2494,2719.92,0,0
2495,2719.41,0,0
2496,2717.04,1,0
2497,2720.53,0,0
2498,2719.3,0,0
2499,2716.53,1,0
2500,2716.68,0,0
2501,2715.96,0,0
2502,2715.2,1,0
2503,2715.4,1,0
2504,2718.2,1,0
2505,2721.65,1,0
2506,2722.01,1,0
2507,2722.25,1,0
2508,2726.13,0,0
2509,2724.22,0,0
2510,2720.53,1,0
2511,2722.0,1,0
2512,2725.05,1,0
2513,2725.41,0,0
2514,2724.3,0,0
2515,2723.92,0,0
2516,2723.06,0,0
2517,2720.53,0,0
2518,2720.16,0,0
2519,2719.79,1,0
2520,2720.27,0,0
2521,2719.67,1,0
2522,2721.63,0,0
2523,2721.03,1,0
2524,2722.38,1,0
2525,2726.81,1,0
2526,2730.86,0,0
2527,2727.13,0,0
2528,2725.86,1,0
2529,2728.11,1,0
2530,2730.0,0,0
2531,2728.18,1,0
2532,2728.28,1,0
2533,2728.58,0,0
2534,2727.31,1,0
2535,2728.82,0,0
2536,2722.74,0,0
2537,2722.32,0,0
2538,2721.62,0,0
2539,2721.26,1,0
2540,2724.09,0,0
2541,2722.3,1,0
2542,2723.05,1,0
2543,2723.27,1,0
2544,2724.41,1,0
2545,2726.6,1,0
2546,2727.2,0,0
2547,2725.76,0,0
2548,2724.47,1,0
2549,2727.38,0,0
2550,2725.7,1,0
2551,2726.91,1,0
2552,2730.09,0,0
2553,2729.04,1,0
2554,2729.06,0,0
2555,2728.12,1,0
2556,2728.33,0,0
2557,2725.86,1,0
2558,2726.3,1,0
2559,2728.82,1,0
2560,2732.08,1,0
2561,2733.48,0,0
2562,2729.51,0,0
2563,2725.34,1,0
2564,2727.17,0,0
2565,2725.63,0,0
2566,2725.47,0,0
2567,2722.39,1,0
2568,2724.14,0,0
2569,2721.25,0,1
2570,2720.91,0,1
2571,2712.9,0,1
2572,2710.74,1,1
2573,2714.89,0,1
2574,2712.54,1,1
2575,2712.63,0,1
2576,2712.57,1,1
2577,2713.71,1,1
2578,2714.6,0,1
2579,2713.37,0,1
2580,2708.06,1,1
2581,2711.75,1,1
2582,2712.79,0,1
2583,2711.51,0,1
2584,2710.95,0,1
2585,2710.33,1,1
2586,2710.65,0,1
2587,2707.02,0,1
2588,2705.75,0,1
2589,2705.62,1,1
2590,2706.66,1,1
2591,2707.82,1,1
2592,2710.82,1,1
2593,2712.18,0,0
2594,2711.75,1,0
2595,2712.4,0,0
2596,2711.63,0,0
2597,2710.89,1,0
2598,2713.26,1,0
2599,2716.62,0,0
2600,2715.31,1,0
2601,2718.73,1,0
2602,2722.37,0,0
2603,2720.42,1,0
2604,2723.17,1,0
2605,2725.08,0,0
2606,2724.05,0,0
2607,2721.35,1,0
2608,2723.35,0,0
2609,2721.66,0,0
2610,2720.48,1,0
2611,2722.81,1,0
2612,2723.0,1,0
2613,2723.98,0,0
2614,2721.87,0,0
2615,2719.69,0,0
2616,2718.31,0,0
2617,2718.24,1,0
2618,2719.09,0,0
2619,2718.23,1,0
2620,2718.73,0,0
2621,2718.51,1,0
2622,2722.28,0,0
2623,2721.81,0,0
2624,2719.02,0,0
2625,2718.86,0,0
2626,2718.68,0,0
2627,2718.11,1,0
2628,2719.37,0,0
2629,2719.14,1,0
2630,2721.94,1,0
2631,2723.06,1,0
2632,2725.79,1,0
2633,2726.01,0,0
2634,2725.69,1,0
2635,2726.23,1,0
2636,2727.19,1,0
2637,2727.68,0,0
2638,2725.26,0,0
2639,2723.15,0,0
2640,2722.55,1,0
2641,2722.6,0,0
2642,2721.84,1,0
2643,2724.66,0,0
2644,2724.51,1,0
2645,2726.02,0,0
2646,2725.03,1,0
2647,2725.15,1,0
2648,2733.68,1,0
2649,2735.51,1,0
2650,2738.61,1,0
2651,2740.82,1,0
2652,2745.16,1,0
2653,2746.07,1,0
2654,2750.0,0,0
2655,2745.75,0,0
2656,2744.39,1,0
2657,2744.42,0,0
2658,2744.24,0,0
2659,2743.23,0,0
2660,2743.16,0,0
2661,2741.19,1,0
2662,2741.8,1,0
2663,2742.27,0,0
2664,2741.28,0,0
2665,2740.37,1,0
2666,2741.45,1,0
2667,2741.93,0,0
2668,2740.38,1,0
2669,2742.27,0,0
2670,2742.23,0,0
2671,2740.89,0,0
2672,2740.22,0,0
2673,2738.85,1,0
2674,2741.97,0,0
2675,2740.64,1,0
2676,2742.41,1,0
2677,2745.05,0,0
2678,2744.63,1,0
2679,2744.88,1,0
2680,2744.92,0,0
2681,2744.23,0,0
2682,2742.79,1,0
2683,2746.89,1,0
2684,2751.87,1,0
2685,2753.65,0,0
2686,2747.86,0,0
2687,2747.28,0,0
2688,2746.79,0,0
2689,2746.29,0,0
2690,2743.34,0,0
2691,2740.17,1,0
2692,2741.67,0,0
2693,2740.23,1,0
2694,2740.3,0,0
2695,2739.86,1,1
2696,2741.64,1,0
2697,2742.44,0,0
2698,2740.31,0,0
2699,2739.91,0,0
2700,2739.47,1,0
2701,2741.13,0,0
2702,2740.02,0,0
2703,2739.8,0,0
2704,2737.99,0,1
2705,2734.99,1,1
2706,2735.21,1,1
2707,2735.49,1,1
2708,2736.28,0,1
2709,2734.2,1,1
2710,2739.65,0,0
2711,2739.41,1,0
2712,2740.53,0,0
2713,2738.14,0,0
2714,2736.46,1,0
2715,2737.53,0,0
2716,2736.8,1,0
2717,2737.4,0,0
2718,2734.71,1,1
2719,2735.83,0,0
2720,2735.76,0,0
2721,2732.88,0,1
2722,2731.4,1,1
2723,2733.99,1,1
2724,2734.56,0,0
2725,2734.37,0,0
2726,2733.14,1,1
2727,2734.66,1,0
2728,2735.79,1,0
2729,2736.56,1,0
2730,2739.1,0,0
2731,2738.7,0,0
2732,2736.26,1,0
2733,2736.69,0,0
2734,2735.12,1,0
2735,2735.29,1,0
2736,2737.11,0,0
2737,2736.95,1,0
2738,2738.16,0,0
2739,2738.12,1,0
2740,2739.01,1,0
2741,2739.1,1,0
2742,2740.78,0,0
2743,2739.25,0,0
2744,2738.81,0,0
2745,2738.55,1,0
2746,2740.23,1,0
2747,2740.82,1,0
2748,2741.99,0,0
2749,2741.93,0,0
2750,2740.96,0,0
2751,2740.21,0,0
2752,2738.12,0,0
2753,2737.6,1,0
2754,2739.37,0,0
2755,2736.0,1,0
2756,2736.68,1,0
2757,2737.56,1,0
2758,2738.0,0,0
2759,2736.3,0,0
2760,2734.56,1,1
2761,2736.36,1,0
2762,2736.71,1,0
2763,2738.46,1,0
2764,2738.51,1,0
2765,2742.45,0,0
2766,2740.88,0,0
2767,2737.77,1,0
2768,2738.27,0,0
2769,2737.09,1,0
2770,2738.14,1,0
2771,2739.08,1,0
2772,2741.56,0,0
2773,2741.47,0,0
2774,2740.66,1,0
2775,2740.9,1,0
2776,2742.25,0,0
2777,2742.19,1,0
2778,2743.49,1,0
2779,2744.06,0,0
2780,2741.66,1,0
2781,2742.34,0,0
2782,2738.01,0,0
2783,2736.77,1,0
2784,2738.18,0,0
2785,2734.64,1,1
2786,2734.82,0,1
2787,2733.83,1,1
2788,2735.89,1,1
2789,2736.25,1,0
2790,2736.52,1,0
2791,2736.95,1,0
2792,2737.71,0,0
2793,2735.09,0,0
2794,2735.01,1,0
2795,2737.17,0,0
2796,2736.5,1,0
2797,2739.02,1,0
2798,2745.73,1,0
2799,2746.29,0,0
2800,2745.8,0,0
2801,2744.21,1,0
2802,2746.29,1,0
2803,2746.3,0,0
2804,2744.21,1,0
2805,2747.34,1,0
2806,2750.82,1,0
2807,2752.78,0,0
2808,2750.65,0,0
2809,2746.83,0,0
2810,2743.15,0,0
2811,2743.04,0,0
2812,2739.81,0,0
2813,2738.45,1,1
2814,2739.79,1,0
2815,2741.47,0,0
2816,2740.41,0,0
2817,2739.72,0,0
2818,2739.43,1,0
2819,2739.46,0,0
2820,2737.5,1,1
2821,2740.35,1,0
2822,2741.62,0,0
2823,2740.79,1,0
2824,2744.66,0,0
2825,2743.92,1,0
2826,2744.55,1,0
2827,2747.3,0,0
2828,2745.57,0,0
2829,2744.45,0,0
2830,2742.09,0,0
2831,2741.08,1,0
2832,2742.57,1,0
2833,2742.62,1,0
2834,2746.97,1,0
2835,2749.01,0,0
2836,2747.97,0,0
2837,2747.44,1,0
2838,2747.59,1,0
2839,2748.03,1,0
2840,2749.5,1,0
2841,2749.91,1,0
2842,2752.66,1,0
2843,2755.45,0,0
2844,2750.26,0,0
2845,2748.89,0,0
2846,2747.43,1,0
2847,2748.53,1,0
2848,2749.93,1,0
2849,2750.5,1,0
2850,2751.38,0,0
2851,2749.95,1,0
2852,2750.8,0,0
2853,2748.02,0,0
2854,2742.24,0,1
2855,2742.17,0,1
2856,2740.63,0,1
2857,2739.67,1,1
2858,2740.42,0,1
2859,2738.69,1,1
2860,2740.69,0,1
2861,2738.19,0,1
2862,2736.77,1,1
2863,2736.78,1,1
2864,2737.5,1,1
2865,2738.91,0,1
2866,2737.44,1,1
2867,2738.9,0,1
2868,2738.38,1,1
2869,2741.43,1,0
2870,2742.09,0,0
2871,2740.67,0,0
2872,2739.73,0,0
2873,2735.19,0,1
2874,2731.36,1,1
2875,2732.42,0,1
2876,2732.13,1,1
2877,2732.49,0,1
2878,2729.24,1,1
2879,2730.48,0,1
2880,2727.41,1,1
2881,2727.95,0,1
2882,2725.94,0,1
2883,2724.72,1,1
2884,2726.81,0,1
2885,2725.79,1,1
2886,2726.2,0,1
2887,2724.03,1,1
2888,2726.36,0,1
2889,2725.57,1,1
2890,2726.78,0,1
2891,2725.91,0,1
2892,2725.87,0,1
2893,2725.7,1,1
2894,2726.61,0,1
2895,2723.86,0,1
2896,2720.25,1,1
2897,2722.11,0,1
2898,2719.99,1,1
2899,2720.74,0,1
2900,2717.1,0,1
2901,2714.99,0,1
2902,2714.91,0,1
2903,2713.44,1,1
2904,2714.54,1,1
2905,2717.51,1,1
2906,2718.9,1,1
2907,2719.21,0,1
2908,2717.49,1,1
2909,2718.83,0,1
2910,2717.51,1,1
2911,2720.1,0,0
2912,2719.1,1,0
2913,2720.61,0,0
2914,2719.06,0,0
2915,2717.0,1,0
2916,2718.72,1,0
2917,2719.47,1,0
2918,2720.99,0,0
2919,2720.56,0,0
2920,2719.92,0,0
2921,2719.72,1,0
2922,2721.81,0,0
2923,2719.86,1,0
2924,2721.92,1,0
2925,2729.7,0,0
2926,2727.76,0,0
2927,2725.36,0,0
2928,2725.27,0,0
2929,2723.46,1,0
2930,2725.76,1,0
2931,2727.94,0,0
2932,2726.92,0,0
2933,2726.48,0,0
2934,2725.16,1,0
2935,2726.68,0,0
2936,2724.9,0,0
2937,2724.3,0,0
2938,2720.72,0,0
2939,2720.22,1,0
2940,2722.07,1,0
2941,2724.31,1,0
2942,2725.14,1,0
2943,2726.08,0,0
2944,2722.79,0,0
2945,2722.08,1,0
2946,2723.39,0,0
2947,2723.39,1,0
2948,2724.68,0,0
2949,2722.34,1,0
2950,2723.84,0,0
2951,2722.27,0,0
2952,2721.51,0,0
2953,2716.38,0,1
2954,2711.22,1,1
2955,2711.3,1,1
2956,2713.71,0,1
2957,2713.11,0,1
2958,2711.12,1,1
2959,2715.03,0,1
2960,2714.72,0,1
2961,2714.49,1,1
2962,2717.71,0,0
2963,2716.41,0,0
2964,2716.01,1,0
2965,2719.8,0,0
2966,2718.18,0,0
2967,2717.55,1,0
2968,2718.14,0,0
2969,2716.56,0,0
2970,2713.44,0,0
2971,2710.3,0,1
2972,2709.89,0,1
2973,2703.96,0,1
2974,2701.67,1,1
2975,2702.9,0,1
2976,2701.27,1,1
2977,2701.94,1,1
2978,2704.54,1,1
2979,2704.55,0,1
2980,2699.02,0,1
2981,2691.42,0,1
2982,2688.52,1,1
2983,2688.84,0,1
2984,2688.28,1,1
2985,2690.23,0,1
2986,2689.57,0,1
2987,2688.91,0,1
2988,2685.97,1,1
2989,2686.24,1,1
2990,2689.17,0,1
2991,2686.16,0,1
2992,2684.61,1,1
2993,2685.51,0,1
2994,2682.16,0,1
2995,2680.08,0,1
2996,2671.97,0,1
2997,2670.44,0,1
2998,2670.4,1,1
2999,2675.39,1,1
3000,2679.41,1,1
3001,2682.57,0,1
3002,2679.01,0,1
3003,2676.02,0,1
3004,2674.02,1,1
3005,2679.02,1,1
3006,2685.01,0,1
3007,2683.14,0,1
3008,2682.52,0,0
3009,2682.39,1,0
3010,2683.05,0,0
3011,2680.35,1,0
3012,2682.98,1,0
3013,2683.14,0,0
3014,2682.4,0,0
3015,2680.62,1,0
3016,2684.01,0,0
3017,2680.21,1,0
3018,2682.1,1,0
3019,2683.89,1,0
3020,2688.27,0,0
3021,2684.23,1,0
3022,2685.96,0,0
3023,2682.86,0,0
3024,2682.25,0,0
3025,2679.52,1,0
3026,2679.66,0,0
3027,2678.34,0,0
3028,2676.25,1,1
3029,2680.7,0,0
3030,2679.57,0,0
3031,2678.66,1,0
3032,2681.27,0,0
3033,2676.66,1,0
3034,2680.83,0,0
3035,2679.33,1,0
3036,2684.76,1,0
3037,2685.09,0,0
3038,2684.13,0,0
3039,2682.85,0,0
3040,2681.99,1,0
3041,2683.5,0,0
3042,2681.3,0,0
3043,2680.25,0,0
3044,2679.55,0,0
3045,2674.99,0,1
3046,2674.82,0,1
3047,2672.38,1,1
3048,2672.89,1,1
3049,2675.56,1,1
3050,2677.5,0,0
3051,2675.57,0,0
3052,2672.62,1,1
3053,2672.98,0,1
3054,2668.46,0,1
3055,2657.52,1,1
3056,2657.61,0,1
3057,2640.78,0,1
3058,2632.92,0,1
3059,2630.58,0,1
3060,2627.78,0,1
3061,2621.7,1,1
3062,2623.22,0,1
3063,2620.31,1,1
3064,2623.45,0,1
3065,2618.66,0,1
3066,2613.96,0,1
3067,2607.63,1,1
3068,2609.16,0,1
3069,2607.85,1,1
3070,2612.89,1,1
3071,2617.04,0,1
3072,2616.03,1,1
3073,2622.42,1,1
3074,2628.6,0,1
3075,2626.71,0,1
3076,2624.28,1,1
3077,2626.78,1,1
3078,2630.19,0,1
3079,2621.79,0,1
3080,2620.0,0,1
3081,2619.12,1,1
3082,2624.2,1,1
3083,2632.71,0,1
3084,2631.63,0,0
3085,2628.4,0,0
3086,2620.13,0,1
3087,2616.88,1,1
3088,2620.39,1,1
3089,2622.9,0,0
3090,2615.52,0,1
3091,2615.4,1,1
3092,2619.17,1,1
3093,2620.72,0,1
3094,2615.13,0,1
3095,2614.78,0,1
3096,2611.14,0,1
3097,2606.94,1,1
3098,2608.48,1,1
3099,2612.34,0,1
3100,2611.52,1,1
3101,2613.78,1,1
3102,2619.09,1,1
3103,2619.68,1,0
3104,2623.28,1,0
3105,2626.81,0,0
3106,2624.52,0,0
3107,2622.76,1,0
3108,2628.72,0,0
3109,2621.96,0,0
3110,2620.61,1,0
3111,2624.89,0,0
3112,2621.22,0,0
3113,2620.95,0,0
3114,2616.46,0,0
3115,2611.05,1,1
3116,2613.21,1,1
3117,2616.61,0,0
3118,2616.14,0,0
3119,2613.49,1,0
3120,2619.07,0,0
3121,2613.13,0,0
3122,2611.97,0,1
3123,2610.02,0,1
3124,2605.64,1,1
3125,2607.57,0,1
3126,2606.75,0,1
3127,2602.16,0,1
3128,2597.59,1,1
3129,2600.0,0,1
3130,2599.31,0,1
3131,2595.63,1,1
3132,2597.66,1,1
3133,2600.66,0,1
3134,2596.75,1,1
3135,2603.44,1,1
3136,2608.86,1,1
3137,2609.41,1,0
3138,2612.34,0,0
3139,2604.54,0,0
3140,2602.36,0,0
3141,2599.3,1,0
3142,2600.66,0,0
3143,2596.99,1,1
3144,2598.07,0,1
3145,2596.85,0,1
3146,2591.09,0,1
3147,2585.95,1,1
3148,2590.8,0,1
3149,2585.71,1,1
3150,2601.08,1,1
3151,2601.45,1,1
3152,2616.12,0,0
3153,2614.0,0,0
3154,2613.83,0,0
3155,2604.45,0,0
3156,2603.41,1,0
3157,2603.46,0,0
3158,2598.12,1,0
3159,2598.56,1,0
3160,2600.17,1,0
3161,2601.84,0,0
3162,2598.72,0,0
3163,2595.98,0,1
3164,2594.72,1,1
3165,2599.98,0,1
3166,2598.21,0,1
3167,2596.08,0,1
3168,2591.05,1,1
3169,2598.95,1,0
3170,2599.99,0,0
3171,2599.01,1,0
3172,2601.3,1,0
3173,2605.0,0,0
3174,2603.55,1,0
3175,2605.01,0,0
3176,2601.78,0,0
3177,2600.77,1,0
3178,2604.86,1,0
3179,2605.74,0,0
3180,2602.71,1,0
3181,2603.03,0,0
3182,2599.3,1,0
3183,2605.0,0,0
3184,2604.49,0,0
3185,2601.79,1,0
3186,2602.24,1,0
3187,2603.86,1,0
3188,2606.13,0,0
3189,2605.01,0,0
3190,2601.79,0,0
3191,2599.72,0,0
3192,2597.02,1,0
3193,2600.2,1,0
3194,2606.93,0,0
3195,2594.87,1,0
3196,2610.0,0,0
3197,2606.86,0,0
3198,2601.52,0,0
3199,2598.02,1,0
3200,2600.89,1,0
3201,2606.83,1,0
3202,2620.49,0,0
3203,2619.73,0,0
3204,2617.95,1,0
3205,2619.91,1,0
3206,2628.39,1,0
3207,2630.46,1,0
3208,2636.78,0,0
3209,2636.74,1,1
3210,2637.05,0,1
3211,2635.39,1,1
3212,2637.21,1,1
3213,2639.7,1,1
3214,2646.45,1,1
3215,2656.72,1,1
3216,2672.71,1,1
3217,2707.2,0,1
3218,2702.42,1,1
3219,2716.81,0,1
3220,2711.0,0,1
3221,2707.57,1,1
3222,2711.05,1,1
3223,2719.7,0,1
3224,2716.24,1,1
3225,2717.45,0,1
3226,2717.41,0,1
3227,2709.31,0,1
3228,2709.24,0,1
3229,2693.22,1,1
3230,2693.48,1,1
3231,2698.68,0,1
3232,2695.79,1,1
3233,2698.66,0,1
3234,2692.37,1,1
3235,2695.24,0,1
3236,2695.22,1,1
3237,2696.96,1,1
3238,2702.72,1,1
3239,2703.63,0,1
3240,2700.0,0,1
3241,2696.79,0,1
3242,2691.96,1,1
3243,2694.99,1,1
3244,2701.42,0,1
3245,2699.21,1,1
3246,2703.1,0,1
3247,2699.53,0,1
3248,2697.1,1,1
3249,2699.03,1,0
3250,2699.61,1,0
3251,2701.63,0,0
3252,2699.99,0,0
3253,2695.86,1,0
3254,2700.89,1,0
3255,2705.06,0,0
3256,2704.76,0,0
3257,2700.84,1,0
3258,2701.08,1,0
3259,2702.56,1,0
3260,2709.57,1,0
3261,2719.6,0,0
3262,2719.48,1,0
3263,2723.29,0,0
3264,2716.31,1,0
3265,2719.49,1,0
3266,2728.18,1,0
3267,2740.18,0,1
3268,2727.58,1,1
3269,2734.13,1,1
3270,2734.99,1,1
3271,2736.81,0,1
3272,2732.87,1,1
3273,2737.11,1,1
3274,2743.43,0,1
3275,2743.37,0,1
3276,2740.24,0,1
3277,2737.29,0,1
3278,2735.88,0,1
3279,2732.35,1,1
3280,2732.83,0,1
3281,2724.69,0,1
3282,2724.26,0,1
3283,2716.32,0,1
3284,2713.49,1,1
3285,2719.14,0,1
3286,2718.43,1,1
3287,2719.82,1,1
3288,2722.3,1,1
3289,2725.0,0,1
3290,2724.81,1,1
3291,2725.33,1,1
3292,2729.42,1,0
3293,2732.48,0,0
3294,2728.53,1,0
3295,2729.87,1,0
3296,2731.18,1,0
3297,2737.63,0,0
3298,2734.37,1,0
3299,2734.93,0,0
3300,2732.96,1,0
3301,2737.12,0,0
3302,2731.93,1,0
3303,2735.99,0,0
3304,2730.71,0,0
3305,2726.43,0,0
3306,2717.65,1,1
3307,2719.83,0,1
3308,2717.16,0,1
3309,2716.63,1,1
3310,2718.47,1,1
3311,2720.18,0,1
3312,2718.0,0,1
3313,2716.43,1,1
3314,2718.55,1,1
3315,2722.99,0,1
3316,2721.64,1,1
3317,2723.4,0,0
3318,2721.42,1,0
3319,2727.33,1,0
3320,2729.2,1,0
3321,2730.59,1,0
3322,2731.95,0,0
3323,2731.48,0,0
3324,2728.89,1,0
3325,2730.89,1,0
3326,2732.18,1,0
3327,2734.83,0,0
3328,2727.51,1,0
3329,2732.02,0,0
3330,2731.26,0,0
3331,2727.27,0,0
3332,2726.84,1,0
3333,2732.34,1,0
3334,2733.73,0,0
3335,2733.2,1,0
3336,2735.93,0,0
3337,2731.74,1,0
3338,2735.62,1,0
3339,2739.82,0,0
3340,2737.23,0,0
3341,2733.41,0,0
3342,2727.8,0,0
3343,2719.95,0,1
3344,2718.22,1,1
3345,2718.9,0,1
3346,2713.52,0,1
3347,2711.49,0,1
3348,2707.39,1,1
3349,2712.97,1,1
3350,2714.04,1,1
3351,2715.37,1,1
3352,2715.62,0,1
3353,2712.72,1,1
3354,2716.04,1,1
3355,2718.08,1,1
3356,2719.51,1,1
3357,2719.92,0,1
3358,2719.64,1,1
3359,2720.67,0,0
3360,2716.27,1,0
3361,2718.55,1,0
3362,2723.12,1,0
3363,2723.95,0,0
3364,2723.36,0,0
3365,2721.99,0,0
3366,2720.81,0,0
3367,2717.61,0,0
3368,2710.72,1,1
3369,2713.09,1,1
3370,2716.14,0,0
3371,2713.69,1,1
3372,2714.15,1,1
3373,2718.37,0,0
3374,2716.86,0,0
3375,2712.32,0,1
3376,2709.67,1,1
3377,2710.71,1,1
3378,2713.7,1,0
3379,2714.7,1,0
3380,2715.81,0,0
3381,2715.05,0,0
3382,2713.71,0,0
3383,2713.15,1,0
3384,2714.88,1,0
3385,2717.28,1,0
3386,2717.52,1,0
3387,2720.64,0,0
3388,2718.18,0,0
3389,2717.95,1,0
3390,2717.99,1,0
3391,2722.97,0,0
3392,2720.5,0,0
3393,2717.11,1,0
3394,2717.12,1,0
3395,2723.9,0,0
3396,2723.21,1,0
3397,2725.99,0,0
3398,2725.65,0,0
3399,2721.42,1,0
3400,2723.88,1,0
3401,2724.19,0,0
3402,2722.95,1,0
3403,2723.18,1,0
3404,2726.6,1,0
3405,2729.78,1,0
3406,2730.32,0,0
3407,2728.06,0,0
3408,2725.34,1,0
3409,2725.47,1,0
3410,2727.51,0,0
3411,2725.07,0,0
3412,2723.9,0,0
3413,2723.32,0,0
3414,2718.87,0,0
3415,2712.85,1,1
3416,2714.99,0,1
3417,2712.23,0,1
3418,2709.37,1,1
3419,2711.51,0,1
3420,2710.42,0,1
3421,2709.75,0,1
3422,2704.58,0,1
3423,2698.95,1,1
3424,2699.49,1,1
3425,2700.18,0,1
3426,2694.23,1,1
3427,2699.86,0,1
3428,2696.79,1,1
3429,2698.45,1,1
3430,2701.72,0,1
3431,2694.32,0,1
3432,2694.19,1,1
3433,2695.27,1,1
3434,2699.3,1,1
3435,2699.49,0,1
3436,2691.37,1,1
3437,2695.43,1,1
3438,2699.4,1,1
3439,2700.14,0,1
3440,2696.77,0,1
3441,2690.92,0,1
3442,2666.0,0,1
3443,2653.96,1,1
3444,2654.33,0,1
3445,2650.93,1,1
3446,2657.04,0,1
3447,2644.7,1,1
3448,2652.08,1,1
3449,2652.53,0,1
3450,2649.11,1,1
3451,2650.12,0,1
3452,2645.0,1,1
3453,2647.24,0,1
3454,2630.59,1,1
3455,2633.26,0,1
3456,2632.04,0,1
3457,2625.77,1,1
3458,2630.27,1,1
3459,2631.44,0,1
3460,2624.56,1,1
3461,2628.68,0,1
3462,2621.86,1,1
3463,2626.65,0,1
3464,2618.71,0,1
3465,2615.57,0,1
3466,2611.22,1,1
3467,2613.14,1,1
3468,2617.81,0,1
3469,2616.67,0,1
3470,2612.35,1,1
3471,2616.95,1,1
3472,2621.41,1,1
3473,2623.18,0,1
3474,2620.57,0,1
3475,2617.94,1,1
3476,2619.61,0,1
3477,2616.2,0,1
3478,2611.07,1,1
3479,2616.54,0,1
3480,2613.21,1,1
3481,2615.26,1,1
3482,2625.84,0,1
3483,2625.14,1,1
3484,2639.69,1,0
3485,2664.51,1,0
3486,2696.67,0,1
3487,2671.03,1,1
3488,2676.35,0,1
3489,2658.88,0,1
3490,2644.26,1,1
3491,2645.61,1,1
3492,2653.28,0,1
3493,2643.79,0,1
3494,2642.33,0,1
3495,2637.47,1,1
3496,2639.92,0,1
3497,2638.77,0,1
3498,2637.71,1,1
3499,2638.26,1,1
3500,2639.97,0,1
3501,2636.27,0,1
3502,2627.47,0,1
3503,2625.37,0,1
3504,2625.08,0,1
3505,2622.01,1,1
3506,2625.21,1,1
3507,2642.83,0,1
3508,2641.04,0,1
3509,2636.34,1,0
3510,2637.18,0,0
3511,2633.64,0,0
3512,2631.05,0,0
3513,2629.98,0,0
3514,2621.14,1,1
3515,2625.65,1,1
3516,2630.17,0,1
3517,2625.75,0,1
3518,2625.26,1,1
3519,2631.12,0,0
3520,2629.99,1,0
3521,2637.47,0,0
3522,2635.68,0,0
3523,2629.93,1,0
3524,2630.52,1,0
3525,2633.45,0,0
3526,2632.63,1,0
3527,2634.59,1,0
3528,2650.8,0,0
3529,2643.45,0,0
3530,2639.38,1,0
3531,2644.28,1,0
3532,2644.73,0,0
3533,2627.75,1,0
3534,2655.07,0,0
3535,2629.9,1,0
3536,2640.71,1,0
3537,2643.01,0,0
3538,2641.26,0,0
3539,2636.83,1,0
3540,2639.65,0,0
3541,2638.91,0,0
3542,2637.45,0,0
3543,2635.16,1,0
3544,2635.77,1,0
3545,2639.6,1,0
3546,2648.05,0,0
3547,2646.68,1,0
3548,2649.04,1,0
3549,2650.06,0,0
3550,2646.52,1,0
3551,2648.69,1,0
3552,2651.49,1,0
3553,2652.35,0,0
3554,2650.79,0,0
3555,2646.55,1,0
3556,2650.02,1,0
3557,2652.76,0,0
3558,2646.79,1,0
3559,2647.76,1,0
3560,2649.95,1,0
3561,2656.3,0,0
3562,2652.99,0,0
3563,2652.62,1,0
3564,2655.33,0,0
3565,2651.53,1,0
3566,2653.17,0,0
3567,2653.01,0,0
3568,2647.71,1,0
3569,2649.48,0,0
3570,2648.29,0,0
3571,2647.28,1,0
3572,2647.88,0,0
3573,2642.81,1,0
3574,2643.01,0,1
3575,2642.98,0,1
3576,2642.42,1,1
3577,2644.43,1,0
3578,2646.48,0,0
3579,2636.65,0,1
3580,2631.93,1,1
3581,2635.91,1,1
3582,2637.36,1,1
3583,2638.98,1,1
3584,2639.88,0,1
3585,2639.88,1,1
3586,2640.28,0,0
3587,2639.92,1,0
3588,2641.29,1,0
3589,2643.1,0,0
3590,2638.73,0,0
3591,2638.65,1,0
3592,2643.1,1,0
3593,2644.81,1,0
3594,2647.0,1,0
3595,2649.68,0,0
3596,2646.97,0,0
3597,2646.02,1,0
3598,2649.84,1,0
3599,2652.78,1,0
3600,2655.0,1,0
3601,2658.85,1,0
3602,2660.37,0,0
3603,2659.21,0,0
3604,2656.16,0,0
3605,2654.35,1,0
3606,2656.01,1,0
3607,2661.65,0,0
3608,2656.83,0,0
3609,2655.57,1,0
3610,2658.17,0,0
3611,2652.17,0,0
3612,2651.0,0,0
3613,2648.34,1,0
3614,2649.46,0,0
3615,2646.78,1,1
3616,2647.91,1,0
3617,2651.76,0,0
3618,2647.74,0,0
3619,2646.92,0,0
3620,2644.35,1,1
3621,2646.9,0,0
3622,2646.37,0,0
3623,2645.24,0,1
3624,2644.02,1,1
3625,2645.87,0,0
3626,2641.76,1,1
3627,2643.5,1,1
3628,2646.75,1,0
3629,2648.77,1,0
3630,2653.23,1,0
3631,2654.43,0,0
3632,2653.15,1,0
3633,2656.81,0,0
3634,2654.27,1,0
3635,2654.79,1,0
3636,2658.87,0,0
3637,2658.48,0,0
3638,2657.72,0,0
3639,2653.04,1,0
3640,2654.57,1,0
3641,2660.73,1,0
3642,2673.26,0,0
3643,2665.18,0,0
3644,2665.0,0,0
3645,2660.76,0,0
3646,2656.12,0,0
3647,2653.89,0,0
3648,2651.08,0,0
3649,2649.12,1,1
3650,2652.71,0,0
3651,2643.93,0,1
3652,2635.24,1,1
3653,2637.44,1,1
3654,2641.29,1,1
3655,2641.53,1,1
3656,2641.69,0,1
3657,2640.16,0,1
3658,2639.6,0,1
3659,2632.99,0,1
3660,2617.15,1,1
3661,2624.11,0,1
3662,2621.07,1,1
3663,2624.81,0,1
3664,2619.91,1,1
3665,2624.65,1,1
3666,2626.73,0,1
3667,2625.0,0,1
3668,2621.22,0,1
3669,2606.68,1,1
3670,2607.26,0,1
3671,2606.21,0,1
3672,2604.96,0,1
3673,2601.68,0,1
3674,2578.03,1,1
3675,2599.41,0,1
3676,2592.51,0,1
3677,2582.61,0,1
3678,2570.79,1,1
3679,2577.66,0,1
3680,2576.18,1,1
3681,2581.72,0,1
3682,2578.21,0,1
3683,2571.71,1,1
3684,2574.55,1,1
3685,2588.0,1,1
3686,2591.32,1,1
3687,2597.4,1,1
3688,2613.25,1,1
3689,2613.38,0,1
3690,2607.52,1,1
3691,2613.37,0,1
3692,2609.02,0,1
3693,2608.09,0,1
3694,2607.48,1,1
3695,2615.84,1,1
3696,2621.88,0,1
3697,2614.62,1,1
3698,2616.61,0,1
3699,2609.29,0,1
3700,2608.44,0,1
3701,2598.81,1,1
3702,2604.25,0,1
3703,2599.3,0,1
3704,2593.95,0,1
3705,2591.54,1,1
3706,2592.1,0,1
3707,2588.15,1,1
3708,2595.16,1,1
3709,2596.31,1,1
3710,2602.88,1,1
3711,2608.23,0,0
3712,2605.57,1,0
3713,2610.11,1,0
3714,2614.69,0,0
3715,2612.71,0,0
3716,2600.32,1,0
3717,2611.64,0,0
3718,2609.59,0,0
3719,2608.6,1,0
3720,2609.08,0,0
3721,2599.26,0,0
3722,2596.0,1,1
3723,2606.51,1,0
3724,2625.57,0,0
3725,2616.88,1,0
3726,2617.57,0,0
3727,2613.97,1,0
3728,2615.58,1,0
3729,2621.76,1,0
3730,2623.2,1,0
3731,2623.96,0,0
3732,2622.59,0,0
3733,2619.53,1,0
3734,2619.64,1,0
3735,2621.95,0,0
3736,2618.2,1,0
3737,2618.44,1,0
3738,2626.91,0,0
3739,2617.03,1,0
3740,2622.46,0,0
3741,2618.36,1,0
3742,2619.44,1,0
3743,2620.86,1,0
3744,2624.48,1,0
3745,2624.49,0,0
3746,2620.43,0,0
3747,2619.75,0,0
3748,2615.64,0,0
3749,2612.71,0,0
3750,2610.47,0,1
3751,2606.36,1,1
3752,2608.68,0,1
3753,2602.27,1,1
3754,2602.79,0,1
3755,2591.94,1,1
3756,2596.07,0,1
3757,2588.75,0,1
3758,2587.67,0,1
3759,2577.19,0,1
3760,2576.56,0,1
3761,2574.1,1,1
3762,2578.99,1,1
3763,2584.37,1,1
3764,2590.24,0,1
3765,2580.65,0,1
3766,2578.8,1,1
3767,2583.5,0,1
3768,2574.01,1,1
3769,2577.71,1,1
3770,2587.75,1,1
3771,2596.57,0,1
3772,2591.81,0,1
3773,2583.74,0,1
3774,2572.18,1,1
3775,2572.93,1,1
3776,2575.61,0,1
3777,2575.33,1,1
3778,2575.35,1,1
3779,2578.35,0,1
3780,2574.49,0,1
3781,2567.89,1,1
3782,2570.82,1,1
3783,2577.45,0,1
3784,2571.32,1,1
3785,2575.3,1,1
3786,2582.59,0,1
3787,2581.42,0,0
3788,2576.3,0,1
3789,2562.0,0,1
3790,2562.0,1,1
3791,2563.64,0,1
3792,2562.71,1,1
3793,2569.98,1,1
3794,2570.88,1,1
3795,2579.88,0,0
3796,2570.02,0,1
3797,2568.02,1,1
3798,2574.64,1,0
3799,2577.71,0,0
3800,2575.31,1,0
3801,2575.52,0,0
3802,2567.44,1,0
3803,2571.97,0,0
3804,2564.89,0,1
3805,2556.82,1,1
3806,2557.28,1,1
3807,2562.69,1,1
3808,2568.21,1,1
3809,2571.2,1,0
3810,2571.45,1,0
3811,2572.96,1,0
3812,2578.63,1,0
3813,2579.02,0,0
3814,2577.68,0,0
3815,2577.15,0,0
3816,2572.74,0,0
3817,2569.77,0,0
3818,2566.48,0,0
3819,2562.84,1,1
3820,2575.06,1,0
3821,2579.32,0,0
3822,2575.46,1,0
3823,2580.55,0,0
3824,2573.72,1,0
3825,2576.86,1,0
3826,2582.03,0,0
3827,2579.71,1,0
3828,2583.64,0,0
3829,2583.39,1,0
3830,2584.98,1,0
3831,2587.64,1,0
3832,2590.17,0,0
3833,2587.43,1,0
3834,2591.29,1,0
3835,2599.01,0,0
3836,2596.68,0,0
3837,2590.56,1,0
3838,2594.81,1,0
3839,2596.81,1,0
3840,2602.11,0,0
3841,2600.61,1,0
3842,2601.22,1,0
3843,2602.39,0,0
3844,2599.21,0,0
3845,2597.55,1,0
3846,2599.05,1,0
3847,2599.54,0,0
3848,2597.43,1,0
3849,2598.98,0,0
3850,2596.23,0,0
3851,2592.62,0,0
3852,2591.88,1,0
3853,2592.42,1,0
3854,2594.74,1,0
3855,2597.58,0,0
3856,2594.12,1,0
3857,2596.85,1,0
3858,2597.18,0,0
3859,2592.43,1,0
3860,2594.39,1,0
3861,2600.34,0,0
3862,2597.62,0,0
3863,2593.01,0,0
3864,2590.15,0,0
3865,2590.09,1,0
3866,2593.43,0,0
3867,2592.1,0,0
3868,2585.38,0,1
3869,2583.79,0,1
3870,2579.07,1,1
3871,2581.62,0,1
3872,2578.82,0,1
3873,2578.28,1,1
3874,2580.61,1,1
3875,2581.35,1,1
3876,2584.03,1,1
3877,2586.3,0,1
3878,2584.17,0,1
3879,2577.24,0,1
3880,2574.72,0,1
3881,2572.64,0,1
3882,2569.14,1,1
3883,2573.08,0,1
3884,2572.66,0,1
3885,2570.24,0,1
3886,2568.31,1,1
3887,2570.11,0,1
3888,2568.29,1,1
3889,2572.94,1,1
3890,2573.74,1,1
3891,2575.43,1,1
3892,2579.85,0,0
3893,2578.15,1,0
3894,2584.23,1,0
3895,2591.97,1,0
3896,2595.98,1,0
3897,2609.98,1,0
3898,2615.4,0,0
3899,2607.49,1,1
3900,2618.74,0,1
3901,2614.15,0,1
3902,2609.27,0,1
3903,2607.85,0,1
3904,2601.16,0,1
3905,2596.86,1,1
3906,2598.83,1,1
3907,2602.76,0,1
3908,2599.87,0,1
3909,2595.67,1,1
3910,2596.37,1,1
3911,2598.52,0,1
3912,2595.04,0,1
3913,2592.21,1,1
3914,2597.52,1,1
3915,2598.49,1,0
3916,2601.74,0,0
3917,2601.16,0,0
3918,2594.79,0,0
3919,2591.79,0,1
3920,2584.89,0,1
3921,2584.2,1,1
3922,2586.94,1,1
3923,2591.29,0,1
3924,2590.23,1,1
3925,2590.44,0,0
3926,2584.61,0,1
3927,2584.0,0,1
3928,2581.23,0,1
3929,2580.87,1,1
3930,2581.51,1,1
3931,2581.65,1,1
3932,2582.73,1,1
3933,2589.58,0,0
3934,2586.21,0,0
3935,2582.43,1,1
3936,2583.79,1,0
3937,2584.78,1,0
3938,2584.93,1,0
3939,2586.03,0,0
3940,2580.76,0,0
3941,2573.57,1,1
3942,2577.33,1,1
3943,2579.34,0,1
3944,2572.66,1,1
3945,2572.87,0,1
3946,2569.83,0,1
3947,2567.0,1,1
3948,2569.9,1,1
3949,2570.4,1,1
3950,2576.03,0,1
3951,2572.91,1,1
3952,2573.52,1,1
3953,2576.61,1,1
3954,2578.39,0,0
3955,2575.99,1,0
3956,2576.22,1,0
3957,2577.17,0,0
3958,2574.17,1,0
3959,2577.43,0,0
3960,2577.34,0,0
3961,2576.47,1,0
3962,2578.77,1,0
3963,2579.22,1,0
3964,2580.72,0,0
3965,2580.4,0,0
3966,2576.68,0,0
3967,2575.91,1,0
3968,2580.0,0,0
3969,2576.19,0,0
3970,2572.42,0,0
3971,2570.63,1,0
3972,2573.03,1,0
3973,2574.58,0,0
3974,2572.2,0,0
3975,2570.39,1,1
3976,2574.2,1,0
3977,2577.8,0,0
3978,2572.83,0,0
3979,2571.0,0,0
3980,2568.48,0,1
3981,2565.14,0,1
3982,2555.4,0,1
3983,2553.87,0,1
3984,2547.62,0,1
3985,2542.84,0,1
3986,2537.02,0,1
3987,2533.36,1,1
3988,2538.84,0,1
3989,2536.77,1,1
3990,2537.12,0,1
3991,2531.16,0,1
3992,2525.24,1,1
3993,2526.9,0,1
3994,2523.07,0,1
3995,2523.0,1,1
3996,2523.8,1,1
3997,2525.51,0,1
3998,2523.44,1,1
3999,2530.78,1,1
4000,2533.13,1,1
4001,2534.64,0,1
4002,2531.31,1,1
4003,2531.48,1,1
4004,2535.05,0,1
4005,2532.99,1,1
4006,2535.44,0,1
4007,2534.9,0,1
4008,2533.74,0,1
4009,2529.44,1,1
4010,2530.94,0,1
4011,2526.02,0,1
4012,2521.97,1,1
4013,2524.45,0,1
4014,2522.33,0,1
4015,2521.73,1,1
4016,2522.88,0,1
4017,2517.5,1,1
4018,2518.67,0,1
4019,2517.5,1,1
4020,2519.44,1,1
4021,2521.66,0,1
4022,2521.38,0,1
4023,2516.74,0,1
4024,2514.48,0,1
4025,2510.84,1,1
4026,2517.44,1,1
4027,2517.68,1,1
4028,2520.84,1,1
4029,2523.93,0,0
4030,2521.92,0,0
4031,2520.77,0,0
4032,2517.87,0,0
4033,2517.55,0,0
4034,2516.85,0,0
4035,2513.47,1,1
4036,2514.53,1,1
4037,2519.26,0,0
4038,2518.27,0,0
4039,2514.21,1,0
4040,2524.04,1,0
4041,2525.47,1,0
4042,2525.92,0,0
4043,2525.67,1,0
4044,2530.51,0,0
4045,2530.11,0,0
4046,2529.84,0,0
4047,2527.54,0,0
4048,2523.26,1,0
4049,2523.47,1,0
4050,2524.01,1,0
4051,2526.78,1,0
4052,2531.49,0,0
4053,2527.98,0,0
4054,2523.55,0,0
4055,2523.5,0,0
4056,2522.78,0,0
4057,2518.73,0,0
4058,2518.53,1,0
4059,2519.63,0,0
4060,2516.87,1,1
4061,2516.92,1,1
4062,2519.48,1,0
4063,2521.5,1,0
4064,2523.2,0,0
4065,2522.42,1,0
4066,2523.86,0,0
4067,2522.35,1,0
4068,2524.1,0,0
4069,2523.33,0,0
4070,2522.53,1,0
4071,2524.11,1,0
4072,2524.62,1,0
4073,2526.63,1,0
4074,2527.48,1,0
4075,2528.01,0,0
4076,2526.63,0,0
4077,2523.03,0,0
4078,2522.79,1,0
4079,2523.04,1,0
4080,2524.83,1,0
4081,2525.81,1,0
4082,2526.74,1,0
4083,2532.01,1,0
4084,2539.14,0,0
4085,2532.0,0,0
4086,2528.32,1,0
4087,2529.96,1,0
4088,2531.07,0,0
4089,2526.63,1,0
4090,2526.7,0,0
4091,2521.25,0,0
4092,2518.09,0,1
4093,2516.61,0,1
4094,2514.98,0,1
4095,2510.93,0,1
4096,2510.68,0,1
4097,2510.66,1,1
4098,2515.25,0,1
4099,2514.33,0,1
4100,2512.84,1,1
4101,2518.34,0,1
4102,2518.09,0,1
4103,2517.18,1,1
4104,2518.14,0,0
4105,2518.13,0,0
4106,2515.93,0,0
4107,2514.6,0,0
4108,2514.54,1,0
4109,2517.45,0,0
4110,2515.57,0,0
4111,2512.07,0,0
4112,2511.01,0,1
4113,2509.18,1,1
4114,2513.47,0,0
4115,2510.21,1,1
4116,2512.52,1,0
4117,2512.67,1,0
4118,2514.28,1,0
4119,2518.0,1,0
4120,2519.56,1,0
4121,2519.67,0,0
4122,2517.18,1,0
4123,2523.0,0,0
4124,2522.18,0,0
4125,2521.61,1,0
4126,2525.56,1,0
4127,2528.03,1,0
4128,2528.8,0,0
4129,2522.8,0,0
4130,2521.57,0,0
4131,2519.65,1,0
4132,2520.99,0,0
4133,2517.71,1,0
4134,2521.77,0,0
4135,2519.41,1,0
4136,2521.23,1,0
4137,2523.76,0,0
4138,2521.7,0,0
4139,2521.69,1,0
4140,2521.95,1,0
4141,2528.73,0,0
4142,2526.08,0,0
4143,2525.45,0,0
4144,2524.57,1,0
4145,2533.13,1,0
4146,2538.7,1,0
4147,2545.06,0,0
4148,2544.12,0,0
4149,2540.68,0,0
4150,2533.57,0,0
4151,2526.81,0,0
4152,2524.28,0,0
4153,2516.6,0,1
4154,2516.57,0,1
4155,2509.55,0,1
4156,2502.59,1,1
4157,2503.92,1,1
4158,2507.75,1,1
4159,2509.71,0,1
4160,2507.65,0,1
4161,2503.48,1,1
4162,2505.48,1,1
4163,2505.64,1,1
4164,2513.22,0,1
4165,2512.97,0,1
4166,2512.63,0,1
4167,2505.86,1,1
4168,2507.47,0,1
4169,2506.7,0,1
4170,2506.26,1,1
4171,2510.91,1,0
4172,2513.43,0,0
4173,2512.47,0,0
4174,2508.12,1,0
4175,2510.1,0,0
4176,2510.08,1,0
4177,2510.54,1,0
4178,2511.21,1,0
4179,2511.52,1,0
4180,2516.57,0,0
4181,2513.24,1,0
4182,2515.93,0,0
4183,2514.15,0,0
4184,2510.52,0,0
4185,2507.61,0,0
4186,2507.14,1,0
4187,2508.93,0,0
4188,2506.95,0,0
4189,2506.6,1,0
4190,2506.75,1,0
4191,2509.77,1,0
4192,2511.88,1,0
4193,2521.25,0,0
4194,2520.86,0,0
4195,2517.86,1,0
4196,2522.5,1,0
4197,2527.73,0,0
4198,2523.39,0,0
4199,2520.71,1,0
4200,2520.99,0,0
4201,2517.3,0,0
4202,2514.53,1,0
4203,2520.57,0,0
4204,2519.07,1,0
4205,2521.81,1,0
4206,2527.7,0,0
4207,2527.56,0,0
4208,2525.14,0,0
4209,2523.83,1,0
4210,2524.2,0,0
4211,2520.52,1,0
4212,2523.82,0,0
4213,2522.1,0,0
4214,2522.01,1,0
4215,2527.1,1,0
4216,2530.11,0,0
4217,2529.24,0,0
4218,2529.1,1,0
4219,2533.82,0,0
4220,2532.67,0,0
4221,2531.24,1,0
4222,2532.82,0,0
4223,2531.6,0,0
4224,2529.51,1,0
4225,2533.54,0,0
4226,2532.43,0,0
4227,2529.85,0,0
4228,2525.43,0,0
4229,2523.39,1,0
4230,2523.7,1,0
4231,2524.13,0,0
4232,2519.59,0,1
4233,2515.58,1,1
4234,2519.19,0,1
4235,2515.41,0,1
4236,2509.46,0,1
4237,2508.97,1,1
4238,2515.43,0,1
4239,2514.71,1,1
4240,2516.94,0,1
4241,2516.36,1,1
4242,2517.26,1,1
4243,2519.73,0,0
4244,2516.75,0,0
4245,2516.7,0,0
4246,2514.98,1,0
4247,2518.13,0,0
4248,2513.63,1,0
4249,2515.48,1,0
4250,2516.17,0,0
4251,2513.67,1,0
4252,2518.41,1,0
4253,2523.96,0,0
4254,2521.4,0,0
4255,2520.18,0,0
4256,2517.8,1,0
4257,2518.78,1,0
4258,2520.65,0,0
4259,2520.65,1,0
4260,2520.76,1,0
4261,2521.69,0,0
4262,2521.04,1,0
4263,2525.33,1,0
4264,2526.27,0,0
4265,2525.53,0,0
4266,2524.78,0,0
4267,2523.55,0,0
4268,2522.57,1,0
4269,2525.14,1,0
4270,2527.7,1,0
4271,2530.42,0,0
4272,2527.22,0,0
4273,2524.3,1,0
4274,2526.05,0,0
4275,2525.44,0,0
4276,2522.95,0,0
4277,2515.81,1,0
4278,2518.36,1,0
4279,2519.87,0,0
4280,2518.69,1,0
4281,2519.35,1,0
4282,2520.21,1,0
4283,2524.33,1,0
4284,2526.04,1,0
4285,2531.58,0,0
4286,2530.63,1,0
4287,2531.28,1,0
4288,2531.87,0,0
4289,2530.6,1,0
4290,2537.46,1,0
4291,2538.74,0,0
4292,2531.6,1,0
4293,2532.5,0,0
4294,2528.24,1,0
4295,2530.57,1,0
4296,2532.29,1,0
4297,2532.64,1,0
4298,2533.03,0,0
4299,2530.17,1,0
4300,2530.99,1,0
4301,2535.0,1,0
4302,2540.29,0,0
4303,2538.99,1,0
4304,2540.15,1,0
4305,2540.26,1,0
4306,2543.78,0,0
4307,2539.43,1,0
4308,2541.69,0,0
4309,2538.07,0,0
4310,2537.64,1,0
4311,2539.06,0,0
4312,2538.51,1,0
4313,2541.58,0,0
4314,2538.73,0,0
4315,2537.05,1,0
4316,2539.15,0,0
4317,2537.62,0,0
4318,2533.73,1,0
4319,2535.08,1,0
4320,2535.17,1,0
4321,2536.47,1,0
4322,2538.53,0,0
4323,2537.28,0,0
4324,2532.08,1,0
4325,2533.63,1,0
4326,2536.94,1,0
4327,2537.1,1,0
4328,2540.16,1,0
4329,2542.69,1,0
4330,2544.9,1,0
4331,2549.12,0,0
4332,2548.14,0,0
4333,2545.51,1,0
4334,2546.31,1,0
4335,2548.38,1,0
4336,2551.68,0,0
4337,2549.79,0,0
4338,2547.75,0,0
4339,2546.19,1,0
4340,2548.15,0,0
4341,2547.14,0,0
4342,2546.21,0,0
4343,2544.5,0,0
4344,2542.69,1,0
4345,2543.94,0,0
4346,2541.5,1,0
4347,2548.93,0,0
4348,2546.35,0,0
4349,2545.97,1,0
4350,2547.65,1,0
4351,2548.37,1,0
4352,2549.93,0,0
4353,2546.19,0,0
4354,2543.17,1,0
4355,2545.46,1,0
4356,2547.78,1,0
4357,2547.83,0,0
4358,2547.49,1,0
4359,2547.62,0,0
